"Home","Age Group","Gender"
"A3 Arsenal U10 Girls NCSL","U10","Girls"
"A3 Aston Villa U09 Boys NCSL","U09","Boys"
"A3 Barnsley U11 Girls NCSL","U11","Girls"
"A3 Blackpool U12 Girls NCSL","U12","Girls"
"A3 Blues U11 Girls NCSL","U11","Girls"
"A3 Everton U11 Boys NCSL","U11","Boys"
"A3 Fulham U14 Girls NCSL","U14","Girls"
"A3 Lightning U15 Girls NCSL","U15","Girls"
"A3 Lions (Blue) U10 Boys NCSL","U10","Boys"
"A3 Lions (Gold) U10 Boys NCSL","U10","Boys"
"A3 Lions (White) U10 Boys NCSL","U10","Boys"
"A3 Oxford U10 Girls NCSL","U10","Girls"
"A3 Portsmouth U13 Boys NCSL","U13","Boys"
"A3 Rangers U11 Girls NCSL","U11","Girls"
"A3 Southampton U13 Boys NCSL","U13","Boys"
"A3 Spurs U12 Boys NCSL","U12","Boys"
"A3 Spurs U17 Boys NCSL","U17","Boys"
"A3 Storm U15 Girls NCSL","U15","Girls"
"A3 Swansea U10 Girls NCSL","U10","Girls"
"A3 West Brom U09 Boys NCSL","U09","Boys"
"A3 Wimbledon U14 Boys NCSL","U14","Boys"
"ABGC Annandale United FC 03 Red U15 Boys NCSL","U15","Boys"
"ABGC Annandale United FC 06 Red U12 Boys NCSL","U12","Boys"
"ABGC Annandale United FC U11 Boys NCSL","U11","Boys"
"ABGC AUFC  04 Black U14 Girls NCSL","U14","Girls"
"ABGC AUFC 00 Black U18 Boys NCSL","U18","Boys"
"ABGC AUFC 00 Red U18 Boys NCSL","U18","Boys"
"ABGC AUFC 01 United U17 Boys NCSL","U17","Boys"
"ABGC AUFC 05 United U13 Boys NCSL","U13","Boys"
"ABGC AUFC 06 Red U12 Girls NCSL","U12","Girls"
"ABGC AUFC 08 Red (Storm) U10 Girls NCSL","U10","Girls"
"ABGC AUFC 08 United U10 Boys NCSL","U10","Boys"
"ABGC AUFC 09 Red U09 Boys NCSL","U09","Boys"
"ABGC AUFC 09 United U09 Boys NCSL","U09","Boys"
"ABGC Ragball USA U17 Boys NCSL","U17","Boys"
"ABGC United Black U13 Girls NCSL","U13","Girls"
"ABGC United Calico U17 Boys NCSL","U17","Boys"
"ABGC United FC U16 Boys NCSL","U16","Boys"
"ABGC X-Treme U19 Girls NCSL","U19","Girls"
"ALEX 00 Boys Red U18 Boys NCSL","U18","Boys"
"ALEX 00 Boys White U18 Boys NCSL","U18","Boys"
"ALEX 01 Boys Red U17 Boys NCSL","U17","Boys"
"ALEX 01 Boys White U17 Boys NCSL","U17","Boys"
"ALEX 01 Girls Red U17 Girls NCSL","U17","Girls"
"ALEX 02 Boys Red U16 Boys NCSL","U16","Boys"
"ALEX 02 Boys White U16 Boys NCSL","U16","Boys"
"ALEX 02 Girls Red U16 Girls NCSL","U16","Girls"
"ALEX 03 Boys Red U15 Boys NCSL","U15","Boys"
"ALEX 03 Boys White U15 Boys NCSL","U15","Boys"
"ALEX 03 Girls Red U15 Girls NCSL","U15","Girls"
"ALEX 03 Girls White U15 Girls NCSL","U15","Girls"
"ALEX 04  Girls Red U14 Girls NCSL","U14","Girls"
"ALEX 04 Boys Red U14 Boys NCSL","U14","Boys"
"ALEX 04 Boys White U14 Boys NCSL","U14","Boys"
"ALEX 04 Girls White U14 Girls NCSL","U14","Girls"
"ALEX 05 Boys Blue U13 Boys NCSL","U13","Boys"
"ALEX 05 Boys Red U13 Boys NCSL","U13","Boys"
"ALEX 05 Boys White U13 Boys NCSL","U13","Boys"
"ALEX 05 Girls Red U13 Girls NCSL","U13","Girls"
"ALEX 05 Girls White U13 Girls NCSL","U13","Girls"
"ALEX 06 Boys Blue U12 Boys NCSL","U12","Boys"
"ALEX 06 Boys White U12 Boys NCSL","U12","Boys"
"ALEX 06 Girls Blue U12 Girls NCSL","U12","Girls"
"ALEX 06 Girls White U12 Girls NCSL","U12","Girls"
"ALEX 07 Boys Blue U11 Boys NCSL","U11","Boys"
"ALEX 07 Boys White U11 Boys NCSL","U11","Boys"
"ALEX 07 Girls Red U11 Girls NCSL","U11","Girls"
"ALEX 07 Girls White U11 Girls NCSL","U11","Girls"
"ALEX 08 Boys Blue U10 Boys NCSL","U10","Boys"
"ALEX 08 Boys White U10 Boys NCSL","U10","Boys"
"ALEX 08 Girls Red U10 Girls NCSL","U10","Girls"
"ALEX 08 Girls White U10 Girls NCSL","U10","Girls"
"ALEX 09 Boys Blue U09 Boys NCSL","U09","Boys"
"ALEX 09 Boys Red U09 Boys NCSL","U09","Boys"
"ALEX 09 Boys White U09 Boys NCSL","U09","Boys"
"ALEX 09 Girls Red U09 Girls NCSL","U09","Girls"
"ALEX 09 Girls White U09 Girls NCSL","U09","Girls"
"ARL 00B White U18 Boys NCSL","U18","Boys"
"ARL 00G White U18 Girls NCSL","U18","Girls"
"ARL 01B Blue U17 Boys NCSL","U17","Boys"
"ARL 01B White U17 Boys NCSL","U17","Boys"
"ARL 01G White U17 Girls NCSL","U17","Girls"
"ARL 02B Blue U16 Boys NCSL","U16","Boys"
"ARL 02G Blue U16 Girls NCSL","U16","Girls"
"ARL 03B Blue U15 Boys NCSL","U15","Boys"
"ARL 03G Blue U15 Girls NCSL","U15","Girls"
"ARL 04B Blue U14 Boys NCSL","U14","Boys"
"ARL 04G Black U14 Girls NCSL","U14","Girls"
"ARL 04G Blue U14 Girls NCSL","U14","Girls"
"ARL 05B Blue U13 Boys NCSL","U13","Boys"
"ARL 05G Black U13 Girls NCSL","U13","Girls"
"ARL 05G Blue U13 Girls NCSL","U13","Girls"
"ARL 06B Black U12 Boys NCSL","U12","Boys"
"ARL 06B Blue U12 Boys NCSL","U12","Boys"
"ARL 06G Black U12 Girls NCSL","U12","Girls"
"ARL 06G Blue U12 Girls NCSL","U12","Girls"
"ARL 07B Black U11 Boys NCSL","U11","Boys"
"ARL 07B Blue U11 Boys NCSL","U11","Boys"
"ARL 07G Black U11 Girls NCSL","U11","Girls"
"ARL 07G Blue U11 Girls NCSL","U11","Girls"
"ARL 08B Black U10 Boys NCSL","U10","Boys"
"ARL 08G Black U10 Girls NCSL","U10","Girls"
"ARL 09B Black U09 Boys NCSL","U09","Boys"
"ARL 09G Blue U09 Girls NCSL","U09","Girls"
"ARL 99B White U19 Boys NCSL","U19","Boys"
"ASA Blast 99 U19 Girls NCSL","U19","Girls"
"ASA DMV Fevisa 01 U17 Boys NCSL","U17","Boys"
"ASA DMV Fevisa Blue 02 U16 Boys NCSL","U16","Boys"
"ASA DMV United 01 U17 Boys NCSL","U17","Boys"
"ASA FC Atletico Juvenil 02 U16 Boys NCSL","U16","Boys"
"ASA FC Atletico Juvenil 03 U15 Boys NCSL","U15","Boys"
"ASA Fire 05 U13 Girls NCSL","U13","Girls"
"ASA Liverpool  FCIAA MD 08B Academy U10 Boys NCSL","U10","Boys"
"ASA Liverpool FCIAA MD 07B Academy U11 Boys NCSL","U11","Boys"
"ASA Liverpool FCIAA MD 08B Pre-Academy U10 Boys NCSL","U10","Boys"
"ASA PGSA CD Alianza 02 U16 Girls NCSL","U16","Girls"
"ASA PGSA CD Alianza 04 U14 Girls NCSL","U14","Girls"
"ASA PGSA CD Dragon 06 U12 Boys NCSL","U12","Boys"
"ASA PGSA Real Barza 04 U14 Boys NCSL","U14","Boys"
"ASA Rampage 05 U13 Boys NCSL","U13","Boys"
"ASA S-Force 00 U18 Boys NCSL","U18","Boys"
"ASA Sharp Shooters 06 U12 Girls NCSL","U12","Girls"
"ASA Stampede 05 U13 Boys NCSL","U13","Boys"
"ASA Tigresse 07 U11 Girls NCSL","U11","Girls"
"ASA Titans 09 U09 Boys NCSL","U09","Boys"
"ASA Wolves 99 (NB9940) U18 Boys NCSL","U18","Boys"
"ASC 06 Predators U12 Girls NCSL","U12","Girls"
"ASC Elite Gray 03 U15 Boys NCSL","U15","Boys"
"ASC Elite White 05 U13 Boys NCSL","U13","Boys"
"ASC Warriors Premier 05 U13 Boys NCSL","U13","Boys"
"AUSC 05 Girls U13 Girls NCSL","U13","Girls"
"AUSC 06G Black U12 Girls NCSL","U12","Girls"
"AUSC 2004 Barone U14 Boys NCSL","U14","Boys"
"AUSC Antietam United G03 U15 Girls NCSL","U15","Girls"
"AUSC Boys 07 Thunder U11 Boys NCSL","U11","Boys"
"AUSC Cannons U14 Girls NCSL","U14","Girls"
"AUSC U13 Boys U13 Boys NCSL","U13","Boys"
"BAC Alliance U15 Girls NCSL","U15","Girls"
"BAC America Mineiro U15 Boys NCSL","U15","Boys"
"BAC Badgers U10 Girls NCSL","U10","Girls"
"BAC Blast Blue U12 Girls NCSL","U12","Girls"
"BAC Blast White U12 Girls NCSL","U12","Girls"
"BAC Blitz U17 Girls NCSL","U17","Girls"
"BAC Blue Star U15 Girls NCSL","U15","Girls"
"BAC Dynamo U11 Boys NCSL","U11","Boys"
"BAC Express U10 Boys NCSL","U10","Boys"
"BAC Flash U13 Girls NCSL","U13","Girls"
"BAC Fusion Blue U13 Boys NCSL","U13","Boys"
"BAC Fusion White U13 Boys NCSL","U13","Boys"
"BAC Lightning U11 Girls NCSL","U11","Girls"
"BAC Manchester State Elite U16 Boys NCSL","U16","Boys"
"BAC Predators U14 Boys NCSL","U14","Boys"
"BAC Predators U17 Boys NCSL","U17","Boys"
"BAC Rush U11 Girls NCSL","U11","Girls"
"BAC Spirit U13 Girls NCSL","U13","Girls"
"BAC Strikers U13 Girls NCSL","U13","Girls"
"BAC Union U14 Girls NCSL","U14","Girls"
"BAC Union U18 Boys NCSL","U18","Boys"
"BAC United FC U11 Boys NCSL","U11","Boys"
"BAC United U11 Boys NCSL","U11","Boys"
"BAC United U12 Boys NCSL","U12","Boys"
"BAC United U19 Boys NCSL","U19","Boys"
"BAC Venom U14 Boys NCSL","U14","Boys"
"BAC Wolverines U09 Boys NCSL","U09","Boys"
"BETH Academy Blue 08 U10 Girls NCSL","U10","Girls"
"BETH Academy Blue 09 U09 Girls NCSL","U09","Girls"
"BETH Academy Green 06 U12 Girls NCSL","U12","Girls"
"BETH Academy Green 07 U11 Girls NCSL","U11","Girls"
"BETH Academy Orange 06 U12 Girls NCSL","U12","Girls"
"BETH Academy White 08 U10 Girls NCSL","U10","Girls"
"BETH Academy White 09 U09 Girls NCSL","U09","Girls"
"BETH Blue 07 U11 Boys NCSL","U11","Boys"
"BETH Gold 03 U15 Boys NCSL","U15","Boys"
"BETH Green 04 U14 Boys NCSL","U14","Boys"
"BETH Green 05 U13 Boys NCSL","U13","Boys"
"BETH Green 06 U12 Boys NCSL","U12","Boys"
"BETH Pre-Academy II 07 U11 Boys NCSL","U11","Boys"
"BETH White 03 U15 Boys NCSL","U15","Boys"
"BETH White 04 U14 Boys NCSL","U14","Boys"
"BETH White 05 U13 Boys NCSL","U13","Boys"
"BETH White 06 U12 Boys NCSL","U12","Boys"
"BRYC Elite Academy U11 Black U11 Girls NCSL","U11","Girls"
"BRYC Elite Academy U13 Black U13 Boys NCSL","U13","Boys"
"BRYC Elite Academy U13 Black U13 Girls NCSL","U13","Girls"
"BRYC Elite Academy U13 Elite U13 Boys NCSL","U13","Boys"
"BRYC Elite Academy U14 Black U14 Boys NCSL","U14","Boys"
"BRYC Elite Academy U14 Black U14 Girls NCSL","U14","Girls"
"BRYC Elite Academy U15 Black U15 Boys NCSL","U15","Boys"
"BRYC Elite Academy U15 Elite U15 Boys NCSL","U15","Boys"
"BRYC Elite Academy U15 Silver U15 Boys NCSL","U15","Boys"
"BRYC Elite Academy U16 Black U16 Boys NCSL","U16","Boys"
"BRYC Elite Academy U16 Black U16 Girls NCSL","U16","Girls"
"BRYC Elite Academy U16 Elite U16 Boys NCSL","U16","Boys"
"BRYC Elite Academy U17 Black U17 Girls NCSL","U17","Girls"
"BSC Blue Angels U13 Boys NCSL","U13","Boys"
"BSC Bulldogs U11 Boys NCSL","U11","Boys"
"BSC Cheetahs U12 Girls NCSL","U12","Girls"
"BSC Girls United Black U15 Girls NCSL","U15","Girls"
"BSC Girls United Red U15 Girls NCSL","U15","Girls"
"BSC Heat U15 Boys NCSL","U15","Boys"
"BSC Premier U19 Boys NCSL","U19","Boys"
"BSC Sharks U17 Boys NCSL","U17","Boys"
"BSC United U12 Boys NCSL","U12","Boys"
"CALV Cassa River U17 Boys NCSL","U17","Boys"
"CALV CSA 2001 U17 Boys NCSL","U17","Boys"
"CALV CSA 2002 U16 Boys NCSL","U16","Boys"
"CALV CSA 2003 U15 Boys NCSL","U15","Boys"
"CALV CSA 2004 U14 Boys NCSL","U14","Boys"
"CALV CSA 2005 U13 Boys NCSL","U13","Boys"
"CALV CSA 2006 U12 Boys NCSL","U12","Boys"
"CALV CSA 2007 Blue U11 Boys NCSL","U11","Boys"
"CALV CSA 2007 Red U11 Boys NCSL","U11","Boys"
"CALV CSA 2008 U10 Boys NCSL","U10","Boys"
"CALV CSA 2009 U09 Boys NCSL","U09","Boys"
"CALV Eagles  Selectos U17 Boys NCSL","U17","Boys"
"CALV EAGLES UNITED 00 U18 Boys NCSL","U18","Boys"
"CALV MD International 2005 U13 Boys NCSL","U13","Boys"
"CALV MD International 2006 U12 Boys NCSL","U12","Boys"
"CALV MD International 2008 U10 Boys NCSL","U10","Boys"
"CALV MD International U11 Boys NCSL","U11","Boys"
"CALV Ponce Eagles 2006 U12 Boys NCSL","U12","Boys"
"CALV Ponce Eagles 2007 U11 Boys NCSL","U11","Boys"
"CALV Ponce Eagles 2009 U09 Boys NCSL","U09","Boys"
"CALV Strikers 2001 U17 Girls NCSL","U17","Girls"
"CFC 01B Red U17 Boys NCSL","U17","Boys"
"CFC 02B Red U16 Boys NCSL","U16","Boys"
"CFC 03B Red U15 Boys NCSL","U15","Boys"
"CFC 03G Red U15 Girls NCSL","U15","Girls"
"CFC 04B Red U14 Boys NCSL","U14","Boys"
"CFC 05B White U13 Boys NCSL","U13","Boys"
"CFC 06B Red (Red Stars) U12 Boys NCSL","U12","Boys"
"CFC 06G Red U12 Girls NCSL","U12","Girls"
"CFC 07G Red Stars U11 Girls NCSL","U11","Girls"
"CFC 08G Red U10 Girls NCSL","U10","Girls"
"CFC 09B Red U09 Boys NCSL","U09","Boys"
"CHAN Force 04 U14 Boys NCSL","U14","Boys"
"CHAN Internationals 00 U18 Girls NCSL","U18","Girls"
"CHAN Rowdies 01 U17 Boys NCSL","U17","Boys"
"CHAN Spirit 02 Academy U16 Girls NCSL","U16","Girls"
"CHAN Spirit 03 Academy U15 Girls NCSL","U15","Girls"
"CHAN Spirit Blue 00 U18 Girls NCSL","U18","Girls"
"CHAN Spirit Red 03 U15 Girls NCSL","U15","Girls"
"CHAN United 03 U15 Boys NCSL","U15","Boys"
"CPSA CSC Comets 00B U18 Boys NCSL","U18","Boys"
"CPSA CSC Comets 00G U18 Girls NCSL","U18","Girls"
"CPSA CSC Comets 02B U16 Boys NCSL","U16","Boys"
"CPSA CSC Comets 03B U15 Boys NCSL","U15","Boys"
"CPSA CSC Comets 03G U15 Girls NCSL","U15","Girls"
"CPSA CSC Comets 04G U14 Girls NCSL","U14","Girls"
"CPSA CSC Comets 05B U13 Boys NCSL","U13","Boys"
"CPSA CSC Comets 05G U13 Girls NCSL","U13","Girls"
"CPSA CSC Comets 06B RED U12 Boys NCSL","U12","Boys"
"CPSA CSC Comets 06B SILVER U12 Boys NCSL","U12","Boys"
"CPSA CSC Comets 99B U19 Boys NCSL","U19","Boys"
"CSA Chaos 09B U09 Boys NCSL","U09","Boys"
"CSA Cobras 04B U14 Boys NCSL","U14","Boys"
"CSA Courage 08G U10 Girls NCSL","U10","Girls"
"CSA Flames 06G U12 Girls NCSL","U12","Girls"
"CSA Impact 04G U14 Girls NCSL","U14","Girls"
"CSA INFERNO 03G U15 Girls NCSL","U15","Girls"
"CSA Lady Arsenal 05G U13 Girls NCSL","U13","Girls"
"CSA Pride 08G U10 Girls NCSL","U10","Girls"
"CSA Tigers 05G U13 Girls NCSL","U13","Girls"
"CSA Titans 04B U14 Boys NCSL","U14","Boys"
"CSA United 06B U12 Boys NCSL","U12","Boys"
"CSA United 08B Black U10 Boys NCSL","U10","Boys"
"CSA United 08B Gold U10 Boys NCSL","U10","Boys"
"CSA Venom Select 05B U13 Boys NCSL","U13","Boys"
"CUGI Kaizen 17 U16 Boys NCSL","U16","Boys"
"CYA 00B Gold U18 Boys NCSL","U18","Boys"
"CYA 00G Purple U18 Girls NCSL","U18","Girls"
"CYA 01B Gold U17 Boys NCSL","U17","Boys"
"CYA 02B Gold U16 Boys NCSL","U16","Boys"
"CYA 02G Gold U16 Girls NCSL","U16","Girls"
"CYA 03B Black U15 Boys NCSL","U15","Boys"
"CYA 03B Gold U15 Boys NCSL","U15","Boys"
"CYA 04B Black U14 Boys NCSL","U14","Boys"
"CYA 04B Gold U14 Boys NCSL","U14","Boys"
"CYA 04G Black U14 Girls NCSL","U14","Girls"
"CYA 04G Gold U14 Girls NCSL","U14","Girls"
"CYA 05B Black U13 Boys NCSL","U13","Boys"
"CYA 05B Gold U13 Boys NCSL","U13","Boys"
"CYA 05G Gold U13 Girls NCSL","U13","Girls"
"CYA 06B Black U12 Boys NCSL","U12","Boys"
"CYA 06B Gold U12 Boys NCSL","U12","Boys"
"CYA 06G Black U12 Girls NCSL","U12","Girls"
"CYA 06G Gold U12 Girls NCSL","U12","Girls"
"CYA 07B Gold U11 Boys NCSL","U11","Boys"
"CYA 07G Gold U11 Girls NCSL","U11","Girls"
"CYA 08B Gold U10 Boys NCSL","U10","Boys"
"CYA 08B Purple U10 Boys NCSL","U10","Boys"
"CYA 08G Gold U10 Girls NCSL","U10","Girls"
"CYA 08G Purple U10 Girls NCSL","U10","Girls"
"CYA 09B Gold U09 Boys NCSL","U09","Boys"
"CYA 09B Purple U09 Boys NCSL","U09","Boys"
"CYA 09G Purple U09 Girls NCSL","U09","Girls"
"DAA Gators Green U11 Boys NCSL","U11","Boys"
"DAA Rebels U13 Girls NCSL","U13","Girls"
"DCST 01 Red Metros U17 Boys NCSL","U17","Boys"
"DCST Black Metros U09 Boys NCSL","U09","Boys"
"DCST Black Metros U10 Boys NCSL","U10","Boys"
"DCST Black Metros U12 Girls NCSL","U12","Girls"
"DCST Red Metros U17 Girls NCSL","U17","Girls"
"DCST White Metros U11 Boys NCSL","U11","Boys"
"DCST White Metros U11 Girls NCSL","U11","Girls"
"DCST White Metros U12 Boys NCSL","U12","Boys"
"DCST White Metros U12 Girls NCSL","U12","Girls"
"DCST White Metros U13 Boys NCSL","U13","Boys"
"DCST White Metros U13 Girls NCSL","U13","Girls"
"DCST White Metros U14 Boys NCSL","U14","Boys"
"DCST White Metros U14 Girls NCSL","U14","Girls"
"DCST White Metros U15 Boys NCSL","U15","Boys"
"DSC Sparks U19 Girls NCSL","U19","Girls"
"EPIC 03B Firestorm Blue U15 Boys NCSL","U15","Boys"
"EPIC 04B Timbers Black U14 Boys NCSL","U14","Boys"
"EPIC 04G Force Black U14 Girls NCSL","U14","Girls"
"EPIC 05B Derechos Black U13 Boys NCSL","U13","Boys"
"EPIC 06G United Black U12 Girls NCSL","U12","Girls"
"EPIC 07G Ice Black U11 Girls NCSL","U11","Girls"
"EPIC Assault 06B U12 Boys NCSL","U12","Boys"
"FCVA Elite U10 Boys NCSL","U10","Boys"
"FCVA FCV Ashburn U12 Girls NCSL","U12","Girls"
"FCVA Premier U11 Girls NCSL","U11","Girls"
"FCVA Premier U13 Girls NCSL","U13","Girls"
"FCVA Premier U14 Girls NCSL","U14","Girls"
"FCVA Premier U15 Girls NCSL","U15","Girls"
"FCVA United Elite 08G U10 Girls NCSL","U10","Girls"
"FCVA United Premier 03B U15 Boys NCSL","U15","Boys"
"FCVA United Premier 06B U12 Boys NCSL","U12","Boys"
"FCVA United Premier 08G U10 Girls NCSL","U10","Girls"
"FFC 99 Boys Red U19 Boys NCSL","U19","Boys"
"FPYC Blue Flame 00 U18 Girls NCSL","U18","Girls"
"FPYC Blue Flames 07 U11 Girls NCSL","U11","Girls"
"FPYC Blue Fury 04 U14 Girls NCSL","U14","Girls"
"FPYC Blue Jays 03 U15 Girls NCSL","U15","Girls"
"FPYC Chaos 00 U18 Boys NCSL","U18","Boys"
"FPYC Eagles Blue U17 Boys NCSL","U17","Boys"
"FPYC Eagles Gold U17 Boys NCSL","U17","Boys"
"FPYC Freedom U16 Girls NCSL","U16","Girls"
"FPYC Storm 03 U15 Boys NCSL","U15","Boys"
"FPYC Strikers 02 U16 Boys NCSL","U16","Boys"
"FPYC United 05 U13 Girls NCSL","U13","Girls"
"FPYC United 09 U09 Boys NCSL","U09","Boys"
"FPYC United Blue 03 U15 Boys NCSL","U15","Boys"
"FPYC United Blue 04 U14 Boys NCSL","U14","Boys"
"FPYC United Blue 05 U13 Boys NCSL","U13","Boys"
"FPYC United Blue 06 U12 Boys NCSL","U12","Boys"
"FPYC United Blue 06 U12 Girls NCSL","U12","Girls"
"FPYC United Blue 08 U10 Boys NCSL","U10","Boys"
"FPYC United Blue 08 U10 Girls NCSL","U10","Girls"
"FPYC United Gold 05 U13 Boys NCSL","U13","Boys"
"FPYC United Gold 06 U12 Boys NCSL","U12","Boys"
"FPYC United Gold 06 U12 Girls NCSL","U12","Girls"
"FRED FC Frederick '03 Royal II U15 Boys NCSL","U15","Boys"
"FRED FC Frederick '04 Royal II U14 Boys NCSL","U14","Boys"
"FRED FC Frederick '05 Royal II U13 Boys NCSL","U13","Boys"
"FRED FC Frederick '06 Black U12 Boys NCSL","U12","Boys"
"FRED FC Frederick '06 Royal II U12 Boys NCSL","U12","Boys"
"FRED FC Frederick '07 Black U11 Boys NCSL","U11","Boys"
"FRED FC Frederick '08 Black U10 Boys NCSL","U10","Boys"
"FRED FC Frederick '08 Black U10 Girls NCSL","U10","Girls"
"FRED FC Frederick '08 White U10 Boys NCSL","U10","Boys"
"FRSA CC Dynamite U16 Girls NCSL","U16","Girls"
"FRSA ROX 02B Blue U16 Boys NCSL","U16","Boys"
"FRSA ROX 03B Blue U15 Boys NCSL","U15","Boys"
"FRSA ROX 03G Blue U15 Girls NCSL","U15","Girls"
"FRSA ROX 04B Blue U14 Boys NCSL","U14","Boys"
"FRSA ROX 05G Blue U13 Girls NCSL","U13","Girls"
"FRSA ROX 06B Blue U12 Boys NCSL","U12","Boys"
"FRSA ROX 06G Blue U12 Girls NCSL","U12","Girls"
"FRSA Wolves U19 Girls NCSL","U19","Girls"
"FSCI FSCI-VISA Vasquez Academy 05 U13 Boys NCSL","U13","Boys"
"FSCI Phoenix Orange U10 boys U10 Boys NCSL","U10","Boys"
"FSCI Phoenix Orange U11 boys U11 Boys NCSL","U11","Boys"
"FSCI Phoenix Orange U12 Boys U12 Boys NCSL","U12","Boys"
"FSCI Phoenix Orange U14 boys U14 Boys NCSL","U14","Boys"
"FSCI Phoenix Orange U14 Girls U14 Girls NCSL","U14","Girls"
"FSCI Phoenix Orange U16 boys U16 Boys NCSL","U16","Boys"
"FSCI Phoenix Orange U18 Boys U18 Boys NCSL","U18","Boys"
"FSCI Phoenix Orange U18 Girls U18 Girls NCSL","U18","Girls"
"FSCI Phoenix Orange U19 Boys U19 Boys NCSL","U19","Boys"
"FSCI Phoenix Orange-2- U18 boys U18 Boys NCSL","U18","Boys"
"FSCI VISA Vasquez Academy 02 U16 Boys NCSL","U16","Boys"
"FSCI VISA Vasquez Academy 03 U15 Boys NCSL","U15","Boys"
"FSCI VISA Vasquez Academy 04 U14 Boys NCSL","U14","Boys"
"FTSC FUTSC RMD Shock 01G U17 Girls NCSL","U17","Girls"
"FTSC Future Monarchs Black '02B U16 Boys NCSL","U16","Boys"
"FTSC Future Monarchs Black '04B U14 Boys NCSL","U14","Boys"
"FTSC Future Monarchs Gold '05B U13 Boys NCSL","U13","Boys"
"FTSC Future Monarchs White '05 U13 Boys NCSL","U13","Boys"
"FTSC Real Barsa (Transfer from LAUR) U13 Boys NCSL","U13","Boys"
"FTSC Real Barsa U17 Boys NCSL","U17","Boys"
"FWSA ES Arsenal U11 Boys NCSL","U11","Boys"
"FWSA ES Aspirantes U13 Boys NCSL","U13","Boys"
"FWSA ES Atleticos U10 Boys NCSL","U10","Boys"
"FWSA ES Estudiantes U14 Boys NCSL","U14","Boys"
"FWSA ES Firpo U17 Boys NCSL","U17","Boys"
"FWSA ES Independiente U12 Boys NCSL","U12","Boys"
"FWSA ES San Salvador U16 Boys NCSL","U16","Boys"
"GRFL 01B Blue Omega U17 Boys NCSL","U17","Boys"
"GRFL 01B Blue U17 Boys NCSL","U17","Boys"
"GRFL 01G Renegades White U17 Girls NCSL","U17","Girls"
"GRFL 03G Blue Blaze U15 Girls NCSL","U15","Girls"
"GRFL 04B Azzurri Blue U14 Boys NCSL","U14","Boys"
"GRFL 04B Azzurri White U14 Boys NCSL","U14","Boys"
"GRFL 04G Courage Blue U14 Girls NCSL","U14","Girls"
"GRFL 04G Courage White U14 Girls NCSL","U14","Girls"
"GRFL 05B Blue U13 Boys NCSL","U13","Boys"
"GRFL 06B White U12 Boys NCSL","U12","Boys"
"GRFL 06G Spurs White U12 Girls NCSL","U12","Girls"
"GRFL 07B Juventus U11 Boys NCSL","U11","Boys"
"GRFL 07G Fury White U11 Girls NCSL","U11","Girls"
"GRFL 07G Fury Yellow U11 Girls NCSL","U11","Girls"
"GRFL 08B Napoli Blue U10 Boys NCSL","U10","Boys"
"GRFL 08B Verona White U10 Boys NCSL","U10","Boys"
"GRFL 08G United Blue U10 Girls NCSL","U10","Girls"
"GRFL 08G United White U10 Girls NCSL","U10","Girls"
"GRFL 09B Lazio U09 Boys NCSL","U09","Boys"
"GRFL 09B Napoli U09 Boys NCSL","U09","Boys"
"GRFL 09G Fire Blue U09 Girls NCSL","U09","Girls"
"GRFL 09G Fire White U09 Girls NCSL","U09","Girls"
"GSC Spirit Red 05 U13 Girls NCSL","U13","Girls"
"GSC Spirit Red 06 U12 Girls NCSL","U12","Girls"
"GSC Spirit Red 07 U11 Girls NCSL","U11","Girls"
"GSC Spirit Red 08 U10 Girls NCSL","U10","Girls"
"GSC Spirit Red 09 U09 Girls NCSL","U09","Girls"
"GSC United Red 05 U13 Boys NCSL","U13","Boys"
"GSC United Red 06 U12 Boys NCSL","U12","Boys"
"GSC United Red 08 U10 Boys NCSL","U10","Boys"
"GSC United Red 09 U09 Boys NCSL","U09","Boys"
"GSC United White 08 U10 Boys NCSL","U10","Boys"
"HERN Ajax Black U10 Boys NCSL","U10","Boys"
"HERN Ajax Red U10 Boys NCSL","U10","Boys"
"HERN Alianza Black U11 Girls NCSL","U11","Girls"
"HERN Alianza RED U11 Girls NCSL","U11","Girls"
"HERN Argentinos Black U16 Boys NCSL","U16","Boys"
"HERN Argentinos Red U16 Boys NCSL","U16","Boys"
"HERN Atletico Black U09 Boys NCSL","U09","Boys"
"HERN Atletico RED U09 Boys NCSL","U09","Boys"
"HERN Atletico White U09 Boys NCSL","U09","Boys"
"HERN Attack U18 Girls NCSL","U18","Girls"
"HERN Calypso U09 Girls NCSL","U09","Girls"
"HERN Central Black U11 Boys NCSL","U11","Boys"
"HERN Central Red U11 Boys NCSL","U11","Boys"
"HERN Central White U11 Boys NCSL","U11","Boys"
"HERN Curve Black U13 Girls NCSL","U13","Girls"
"HERN Curve Red U13 Girls NCSL","U13","Girls"
"HERN Deportivo Black U14 Girls NCSL","U14","Girls"
"HERN Eclipse U10 Girls NCSL","U10","Girls"
"HERN Estudiantes Black U12 Boys NCSL","U12","Boys"
"HERN Estudiantes Red U12 Boys NCSL","U12","Boys"
"HERN Estudiantes Silver U12 Boys NCSL","U12","Boys"
"HERN FC Ciclones Black U13 Boys NCSL","U13","Boys"
"HERN FC Ciclones White U13 Boys NCSL","U13","Boys"
"HERN FC Munich U17 Boys NCSL","U17","Boys"
"HERN Hooligans U17 Girls NCSL","U17","Girls"
"HERN Hurricanes White U15 Girls NCSL","U15","Girls"
"HERN Lighting Black U12 Girls NCSL","U12","Girls"
"HERN Lightning Silver U12 Girls NCSL","U12","Girls"
"HERN Lightning White U12 Girls NCSL","U12","Girls"
"HERN Nacional Red U15 Boys NCSL","U15","Boys"
"HERN River Plate Black U14 Boys NCSL","U14","Boys"
"HERN River Plate Red U14 Boys NCSL","U14","Boys"
"HERN Saints FC U18 Girls NCSL","U18","Girls"
"HERN Sting U15 Girls NCSL","U15","Girls"
"HERN Storm U19 Girls NCSL","U19","Girls"
"HERN Thunder White U16 Girls NCSL","U16","Girls"
"HERN Zephyr U19 Girls NCSL","U19","Girls"
"HERN Zorros FC Black U17 Boys NCSL","U17","Boys"
"HERN Zorros FC Red U17 Boys NCSL","U17","Boys"
"HSC Revolution 06 U12 Boys NCSL","U12","Boys"
"LAPL Knights U18 Girls NCSL","U18","Girls"
"LAPL La Plata Fury U15 Girls NCSL","U15","Girls"
"LAPL La Plata Kraken U10 Girls NCSL","U10","Girls"
"LAPL La Plata Liberty U16 Girls NCSL","U16","Girls"
"LAPL La Plata Lynx U14 Girls NCSL","U14","Girls"
"LAPL La Plata Patriots U12 Girls NCSL","U12","Girls"
"LAPL La Plata Raptors U10 Boys NCSL","U10","Boys"
"LAPL La Plata Thunder U15 Boys NCSL","U15","Boys"
"LAPL La Plata Triumph U17 Boys NCSL","U17","Boys"
"LAUR FC Gators U13 Girls NCSL","U13","Girls"
"LAUR FC Strikers U15 Boys NCSL","U15","Boys"
"LAUR FC Strikers U16 Boys NCSL","U16","Boys"
"LAUR Lions Blue U14 Boys NCSL","U14","Boys"
"LAUR Lions U12 Boys NCSL","U12","Boys"
"LAUR Lions U13 Boys NCSL","U13","Boys"
"LAUR Lions U16 Boys NCSL","U16","Boys"
"LAUR Lions White U11 Boys NCSL","U11","Boys"
"LAUR Tigers U15 Girls NCSL","U15","Girls"
"LAUR United U11 Boys NCSL","U11","Boys"
"LFC Alliance U16 Boys NCSL","U16","Boys"
"LFC Fierce U15 Girls NCSL","U15","Girls"
"LFC Force U14 Boys NCSL","U14","Boys"
"LFC Heat U16 Girls NCSL","U16","Girls"
"LFC Infinity U13 Boys NCSL","U13","Boys"
"LFC Intensity U18 Girls NCSL","U18","Girls"
"LFC Legends U13 Girls NCSL","U13","Girls"
"LFC Rangers U19 Boys NCSL","U19","Boys"
"LFC Revolution U15 Boys NCSL","U15","Boys"
"LFC Shock U19 Girls NCSL","U19","Girls"
"LFC Storm U11 Girls NCSL","U11","Girls"
"LFC Strikers U16 Girls NCSL","U16","Girls"
"LFC Tornado U19 Girls NCSL","U19","Girls"
"LMVS Patriots 2001 White U17 Boys NCSL","U17","Boys"
"LMVS Patriots 2003 Blue U15 Boys NCSL","U15","Boys"
"LMVS Patriots 2003 Blue U15 Girls NCSL","U15","Girls"
"LMVS Patriots 2005 Blue U13 Boys NCSL","U13","Boys"
"LMVS Patriots 2006 NCSL Blue U12 Boys NCSL","U12","Boys"
"LMVS Patriots 2006 NCSL White U12 Boys NCSL","U12","Boys"
"LMVS Patriots 2007 Blue U11 Boys NCSL","U11","Boys"
"LOUD 00B Black U18 Boys NCSL","U18","Boys"
"LOUD 00B White U18 Boys NCSL","U18","Boys"
"LOUD 00G Black U18 Girls NCSL","U18","Girls"
"LOUD 01B Black U17 Boys NCSL","U17","Boys"
"LOUD 01B White U17 Boys NCSL","U17","Boys"
"LOUD 01G Black U17 Girls NCSL","U17","Girls"
"LOUD 02B Silver U16 Boys NCSL","U16","Boys"
"LOUD 02B White U16 Boys NCSL","U16","Boys"
"LOUD 02G White U16 Girls NCSL","U16","Girls"
"LOUD 03B Silver U15 Boys NCSL","U15","Boys"
"LOUD 03B White U15 Boys NCSL","U15","Boys"
"LOUD 03G White U15 Girls NCSL","U15","Girls"
"LOUD 04B White U14 Boys NCSL","U14","Boys"
"LOUD 04G White U14 Girls NCSL","U14","Girls"
"LOUD 05B Silver U13 Boys NCSL","U13","Boys"
"LOUD 05B White U13 Boys NCSL","U13","Boys"
"LOUD 05G Silver U13 Girls NCSL","U13","Girls"
"LOUD 05G White U13 Girls NCSL","U13","Girls"
"LOUD 06B Silver U12 Boys NCSL","U12","Boys"
"LOUD 06B White U12 Boys NCSL","U12","Boys"
"LOUD 06G Silver U12 Girls NCSL","U12","Girls"
"LOUD 06G White U12 Girls NCSL","U12","Girls"
"LOUD 07B Gray U11 Boys NCSL","U11","Boys"
"LOUD 07B Silver U11 Boys NCSL","U11","Boys"
"LOUD 07B White U11 Boys NCSL","U11","Boys"
"LOUD 07G Silver U11 Girls NCSL","U11","Girls"
"LOUD 07G White U11 Girls NCSL","U11","Girls"
"LOUD 08B Silver U10 Boys NCSL","U10","Boys"
"LOUD 08G Silver U10 Girls NCSL","U10","Girls"
"LOUD 09B Silver U09 Boys NCSL","U09","Boys"
"LOUD 09G Silver U09 Girls NCSL","U09","Girls"
"LOUD 99B Black U19 Boys NCSL","U19","Boys"
"MCLN 1999 Girls White U19 Girls NCSL","U19","Girls"
"MCLN 2000 Boys White U18 Boys NCSL","U18","Boys"
"MCLN 2001 Boys Gold U17 Boys NCSL","U17","Boys"
"MCLN 2001 Boys White U17 Boys NCSL","U17","Boys"
"MCLN 2001 Girls White U17 Girls NCSL","U17","Girls"
"MCLN 2002 Boys Gold U16 Boys NCSL","U16","Boys"
"MCLN 2004 Boys Gold U14 Boys NCSL","U14","Boys"
"MCLN 2005 Boys Gold U13 Boys NCSL","U13","Boys"
"MCLN 2006 Boys Gold U12 Boys NCSL","U12","Boys"
"MCLN 2006 Girls Gold U12 Girls NCSL","U12","Girls"
"MCLN 2006 Girls Silver U12 Girls NCSL","U12","Girls"
"MCLN 2007 Boys Gold U11 Boys NCSL","U11","Boys"
"MCLN 2007 Boys Silver U11 Boys NCSL","U11","Boys"
"MCLN 2007 Girls Gold U11 Girls NCSL","U11","Girls"
"MCLN 2008 Boys Silver U10 Boys NCSL","U10","Boys"
"MCLN 2009 Boys Silver U09 Boys NCSL","U09","Boys"
"MRM Gray '04G Cosmos U14 Girls NCSL","U14","Girls"
"MRM Gray 06b Thunder U12 Boys NCSL","U12","Boys"
"MRM Invictus '04G U14 Girls NCSL","U14","Girls"
"MRM Lions Blue 08b U10 Boys NCSL","U10","Boys"
"MRM Roadrunners 06b U12 Boys NCSL","U12","Boys"
"MRM Rush '00B U18 Boys NCSL","U18","Boys"
"MRM Rush '00G U18 Girls NCSL","U18","Girls"
"MRM Rush '03G United U15 Girls NCSL","U15","Girls"
"MRM Rush 05G Coyotes U13 Girls NCSL","U13","Girls"
"MRM Rush Black '03B Ajax U15 Boys NCSL","U15","Boys"
"MRM Rush Blue '04B U14 Boys NCSL","U14","Boys"
"MRM Rush Fire '03G U15 Girls NCSL","U15","Girls"
"MRM Rush Gray '03B U15 Boys NCSL","U15","Boys"
"MRM Rush Gray '06B U12 Boys NCSL","U12","Boys"
"MRM Rush Malietoa '01G U17 Girls NCSL","U17","Girls"
"MRM Rush Nero '01G U17 Girls NCSL","U17","Girls"
"MRM Silver Spring Strikers 01B U17 Boys NCSL","U17","Boys"
"MRM Vipers 04b U14 Boys NCSL","U14","Boys"
"MSI Academy 06 White U12 Boys NCSL","U12","Boys"
"MSI Academy Gold U13 Girls NCSL","U13","Girls"
"MSI Academy Green U10 Boys NCSL","U10","Boys"
"MSI Academy Green U12 Girls NCSL","U12","Girls"
"MSI Academy Green U13 Boys NCSL","U13","Boys"
"MSI Academy Green U13 Girls NCSL","U13","Girls"
"MSI Academy White 06 (Storm) U12 Girls NCSL","U12","Girls"
"MSI Academy White U09 Boys NCSL","U09","Boys"
"MSI Academy White U09 Girls NCSL","U09","Girls"
"MSI Academy White U10 Boys NCSL","U10","Boys"
"MSI Academy White U13 Girls NCSL","U13","Girls"
"MSI MSC Academy 04 U14 Boys NCSL","U14","Boys"
"MSI MSC Academy 06 Green U12 Boys NCSL","U12","Boys"
"MSI MSC Academy Green 07 U11 Boys NCSL","U11","Boys"
"MSI MSC Academy Green U10 Girls NCSL","U10","Girls"
"MSI MSC Academy White U10 Girls NCSL","U10","Girls"
"MSI MSC Academy White U11 Girls NCSL","U11","Girls"
"MSI Royal Bengal Tigers U18 Boys NCSL","U18","Boys"
"MSI United White U16 Boys NCSL","U16","Boys"
"MSI Wolves U17 Boys NCSL","U17","Boys"
"NVSC Hybrid 00B U18 Boys NCSL","U18","Boys"
"NVSC Hybrid 02G U16 Girls NCSL","U16","Girls"
"NVSC Hybrid 04B U14 Boys NCSL","U14","Boys"
"NVSC Jr Majestics 01G NCSL U17 Girls NCSL","U17","Girls"
"NVSC United 00B NCSL U18 Boys NCSL","U18","Boys"
"NVSC United 00G NCSL U18 Girls NCSL","U18","Girls"
"NVSC United 01B NCSL U17 Boys NCSL","U17","Boys"
"NVSC United 06B NCSL U12 Boys NCSL","U12","Boys"
"ODFC Alliance U15 Boys NCSL","U15","Boys"
"ODFC Cesena '01 U17 Boys NCSL","U17","Boys"
"ODFC Cesena '01 U17 Girls NCSL","U17","Girls"
"ODFC Cesena '02 Black U16 Boys NCSL","U16","Boys"
"ODFC Cesena '02 U16 Girls NCSL","U16","Girls"
"ODFC Cesena '02 White U16 Boys NCSL","U16","Boys"
"ODFC Cesena '03 U15 Boys NCSL","U15","Boys"
"ODFC Cesena '05 Girls White U13 Girls NCSL","U13","Girls"
"ODFC Cesena '06 U12 Boys NCSL","U12","Boys"
"ODFC Cesena '06 U12 Girls NCSL","U12","Girls"
"ODFC Cesena '99 U19 Girls NCSL","U19","Girls"
"ODFC Force U18 Boys NCSL","U18","Boys"
"ODFC Fury U18 Boys NCSL","U18","Boys"
"ODFC Quest United '04 U14 Girls NCSL","U14","Girls"
"ODFC Quest United NCSL 03 U15 Girls NCSL","U15","Girls"
"ODFC Tornadoes U14 Girls NCSL","U14","Girls"
"ODFC Twisters U19 Girls NCSL","U19","Girls"
"OLNY Elite Blue U11 Girls NCSL","U11","Girls"
"OLNY Flash U14 Girls NCSL","U14","Girls"
"OLNY Mustangs U11 Girls NCSL","U11","Girls"
"OLNY Power U15 Girls NCSL","U15","Girls"
"OLNY Rage U18 Girls NCSL","U18","Girls"
"OLNY Rangers Blue U10 Boys NCSL","U10","Boys"
"OLNY Rangers Blue U11 Boys NCSL","U11","Boys"
"OLNY Rangers Blue U12 Boys NCSL","U12","Boys"
"OLNY Rangers Blue U13 Boys NCSL","U13","Boys"
"OLNY Rangers Blue U14 Boys NCSL","U14","Boys"
"OLNY Rangers Red U13 Boys NCSL","U13","Boys"
"OLNY Rangers Red U15 Boys NCSL","U15","Boys"
"OLNY Rangers Red U16 Boys NCSL","U16","Boys"
"OLNY Rangers White U10 Boys NCSL","U10","Boys"
"OLNY Rangers White U11 Boys NCSL","U11","Boys"
"OLNY Rangers White U12 Boys NCSL","U12","Boys"
"OLNY Rangers White U13 Boys NCSL","U13","Boys"
"OLNY Rangers White U14 Boys NCSL","U14","Boys"
"OLNY Rangers White U15 Boys NCSL","U15","Boys"
"OLNY Strikers Blue U12 Girls NCSL","U12","Girls"
"PAC Cosmos U14 Girls NCSL","U14","Girls"
"PAC Elite 00 Navy U18 Boys NCSL","U18","Boys"
"PAC Elite 01 Navy U17 Boys NCSL","U17","Boys"
"PAC Elite 02 Navy U16 Boys NCSL","U16","Boys"
"PAC Elite 03 Navy U15 Boys NCSL","U15","Boys"
"PAC Elite 04 Navy U14 Boys NCSL","U14","Boys"
"PAC Elite 04 White U14 Boys NCSL","U14","Boys"
"PAC Elite 05 Navy U13 Boys NCSL","U13","Boys"
"PAC Elite 05 White U13 Boys NCSL","U13","Boys"
"PAC Elite 06 Navy U12 Boys NCSL","U12","Boys"
"PAC Elite 06 White U12 Boys NCSL","U12","Boys"
"PAC Elite 07 Navy U11 Boys NCSL","U11","Boys"
"PAC Elite 07 White U11 Boys NCSL","U11","Boys"
"PAC Elite 08 Navy U10 Boys NCSL","U10","Boys"
"PAC Elite 09 Navy U09 Boys NCSL","U09","Boys"
"PAC Elite 99 Navy U19 Boys NCSL","U19","Boys"
"PAC Gold 05 U13 Girls NCSL","U13","Girls"
"PAC Gold 06 U12 Girls NCSL","U12","Girls"
"PAC Gold 07 U11 Girls NCSL","U11","Girls"
"PAC Gold 08 U10 Girls NCSL","U10","Girls"
"PAC Silver 06 U12 Girls NCSL","U12","Girls"
"POT Black 02 U16 Girls NCSL","U16","Girls"
"POT Black 03 U15 Boys NCSL","U15","Boys"
"POT Black 03 U15 Girls NCSL","U15","Girls"
"POT Black 04 U14 Boys NCSL","U14","Boys"
"POT Black 04 U14 Girls NCSL","U14","Girls"
"POT Black 06 U12 Boys NCSL","U12","Boys"
"POT Black 07 U11 Boys NCSL","U11","Boys"
"POT Black Blaze 01 U17 Girls NCSL","U17","Girls"
"POT Gray Dragons 03 U15 Girls NCSL","U15","Girls"
"PWSI Boys 1999/2000 Red U19 Boys NCSL","U19","Boys"
"PWSI Boys 2001 Red U17 Boys NCSL","U17","Boys"
"PWSI Boys 2001 White U17 Boys NCSL","U17","Boys"
"PWSI Boys 2002 Red U16 Boys NCSL","U16","Boys"
"PWSI Boys 2003 Red U15 Boys NCSL","U15","Boys"
"PWSI Boys 2005 Pride U13 Boys NCSL","U13","Boys"
"PWSI Boys 2006 Red U12 Boys NCSL","U12","Boys"
"PWSI Boys 2007 Red U11 Boys NCSL","U11","Boys"
"PWSI Boys 2007 White U11 Boys NCSL","U11","Boys"
"PWSI Boys 2008 Nike U10 Boys NCSL","U10","Boys"
"PWSI Boys 2008 Swoosh U10 Boys NCSL","U10","Boys"
"PWSI Boys 2008 Tiempo U10 Boys NCSL","U10","Boys"
"PWSI Boys 2009 Nike U09 Boys NCSL","U09","Boys"
"PWSI Boys 2009 Swoosh U09 Boys NCSL","U09","Boys"
"PWSI Boys 2009 Tiempo U09 Boys NCSL","U09","Boys"
"PWSI Girls 2001 Pride U17 Girls NCSL","U17","Girls"
"PWSI Girls 2006 Red U12 Girls NCSL","U12","Girls"
"PWSI Girls 2008 Nike U10 Girls NCSL","U10","Girls"
"PWSI Girls 2008 Swoosh U10 Girls NCSL","U10","Girls"
"PWSI Girls 2009 Nike U09 Girls NCSL","U09","Girls"
"REST 02 Avalanche U16 Boys NCSL","U16","Boys"
"REST 02 Cyclones U16 Boys NCSL","U16","Boys"
"REST 02 United U16 Boys NCSL","U16","Boys"
"REST 03 United U15 Boys NCSL","U15","Boys"
"REST 04 Blue U14 Boys NCSL","U14","Boys"
"REST 04 Green U14 Boys NCSL","U14","Boys"
"REST 06 Blue U12 Boys NCSL","U12","Boys"
"REST 06 Green U12 Boys NCSL","U12","Boys"
"REST 07 Blue U11 Boys NCSL","U11","Boys"
"REST 07 Green U11 Boys NCSL","U11","Boys"
"REST 08 Blue U10 Boys NCSL","U10","Boys"
"REST 08 Blue U10 Girls NCSL","U10","Girls"
"REST 08 Green U10 Boys NCSL","U10","Boys"
"REST 09 Blue U09 Boys NCSL","U09","Boys"
"REST 09 Blue U09 Girls NCSL","U09","Girls"
"REST Renegades U16 Girls NCSL","U16","Girls"
"RUSH Academy Blue 06B U12 Boys NCSL","U12","Boys"
"RUSH Academy White 08G U10 Girls NCSL","U10","Girls"
"RUSH Nero 05B U13 Boys NCSL","U13","Boys"
"SAC United Black U11 Boys NCSL","U11","Boys"
"SAC United Black U14 Boys NCSL","U14","Boys"
"SAC United Blue U11 Girls NCSL","U11","Girls"
"SAC United Blue U12 Boys NCSL","U12","Boys"
"SAC United Blue U13 Boys NCSL","U13","Boys"
"SAC United Blue U13 Girls NCSL","U13","Girls"
"SAC United Blue U14 Boys NCSL","U14","Boys"
"SAC United Blue U14 Girls NCSL","U14","Girls"
"SAC United Blue U15 Boys NCSL","U15","Boys"
"SAC United Blue U15 Girls NCSL","U15","Girls"
"SAC United Gold U11 Boys NCSL","U11","Boys"
"SAC United Gold U14 Boys NCSL","U14","Boys"
"SAC United White U11 Boys NCSL","U11","Boys"
"SAC United White U11 Girls NCSL","U11","Girls"
"SAC United White U12 Boys NCSL","U12","Boys"
"SAC United White U12 Girls NCSL","U12","Girls"
"SAC United White U13 Boys NCSL","U13","Boys"
"SAC United White U14 Girls NCSL","U14","Girls"
"SAC United White U15 Boys NCSL","U15","Boys"
"SAC United White U15 Girls NCSL","U15","Girls"
"SCAA Green 03G U15 Girls NCSL","U15","Girls"
"SCAA Green 04G U14 Girls NCSL","U14","Girls"
"SCAA Green 05G U13 Girls NCSL","U13","Girls"
"SCAA Green 07B U11 Boys NCSL","U11","Boys"
"SCAA Green 07G U11 Girls NCSL","U11","Girls"
"SCAA Green 08B U10 Boys NCSL","U10","Boys"
"SCAA Green 08G U10 Girls NCSL","U10","Girls"
"SCAA Green 09B U09 Boys NCSL","U09","Boys"
"SCAA United 00B Elite U18 Boys NCSL","U18","Boys"
"SCAA United 00B Premier U18 Boys NCSL","U18","Boys"
"SDor Barca '02 Elite U16 Boys NCSL","U16","Boys"
"SDor Barca '03 Elite U15 Boys NCSL","U15","Boys"
"SDor Barca '04 Elite U14 Boys NCSL","U14","Boys"
"SDor Barca '04 Premier U14 Boys NCSL","U14","Boys"
"SDor Barca '05 Elite U13 Boys NCSL","U13","Boys"
"SDor Barca '05 Premier U13 Boys NCSL","U13","Boys"
"SDor Barca '06 Elite U12 Boys NCSL","U12","Boys"
"SDor Barca '06 Premier U12 Boys NCSL","U12","Boys"
"SDor Barca '07 Elite U11 Boys NCSL","U11","Boys"
"SDor Barca '07 Premier U11 Boys NCSL","U11","Boys"
"SDor Barca '08 Elite U10 Boys NCSL","U10","Boys"
"SDor Barca '09 Elite U09 Boys NCSL","U09","Boys"
"SDor Barca '99 Elite U19 Boys NCSL","U19","Boys"
"SDor BFC Barca '00 Elite U18 Boys NCSL","U18","Boys"
"SDor BFC Barca '00 Premier U18 Boys NCSL","U18","Boys"
"SEVP 2007 Boys Green U11 Boys NCSL","U11","Boys"
"SEVP Premier Green U12 Boys NCSL","U12","Boys"
"SEVP Premier Green U14 Girls NCSL","U14","Girls"
"SEVP Premier White B05 U13 Boys NCSL","U13","Boys"
"SEVP Surge U14 Boys NCSL","U14","Boys"
"SMS Bombers Premier U13 Boys NCSL","U13","Boys"
"SMS Dynamo Classic U18 Boys NCSL","U18","Boys"
"SMS Fire U14 Girls NCSL","U14","Girls"
"SMS Fusion U10 Girls NCSL","U10","Girls"
"SMS Gunners U09 Boys NCSL","U09","Boys"
"SMS Hurricane U13 Girls NCSL","U13","Girls"
"SMS Lightning Premier U16 Boys NCSL","U16","Boys"
"SMS Rampage U17 Boys NCSL","U17","Boys"
"SMS Scorpions Classic U12 Boys NCSL","U12","Boys"
"SMS Scorpions Premier U12 Boys NCSL","U12","Boys"
"SMS Seahawks U09 Girls NCSL","U09","Girls"
"SMS Spirit Academy Black U11 Girls NCSL","U11","Girls"
"SMS Spirit Academy Red U11 Girls NCSL","U11","Girls"
"SMS Sting Premier U11 Boys NCSL","U11","Boys"
"SMS Strikers Red U10 Boys NCSL","U10","Boys"
"SMS Strikers White U10 Boys NCSL","U10","Boys"
"SMS United Classic 2004 U14 Boys NCSL","U14","Boys"
"SMS United Premier U14 Boys NCSL","U14","Boys"
"SMS Warriors Classic U15 Boys NCSL","U15","Boys"
"SMS Wolf Pack U17 Boys NCSL","U17","Boys"
"STAF Revolution 00B Blue U18 Boys NCSL","U18","Boys"
"STAF Revolution 00G Blue U18 Girls NCSL","U18","Girls"
"STAF Revolution 01B Blue U17 Boys NCSL","U17","Boys"
"STAF Revolution 01G Blue U17 Girls NCSL","U17","Girls"
"STAF Revolution 01G White U16 Girls NCSL","U16","Girls"
"STAF Revolution 02B Blue U16 Boys NCSL","U16","Boys"
"STAF Revolution 02B White U16 Boys NCSL","U16","Boys"
"STAF Revolution 02G Blue U16 Girls NCSL","U16","Girls"
"STAF Revolution 03B Blue U15 Boys NCSL","U15","Boys"
"STAF Revolution 03B White U15 Boys NCSL","U15","Boys"
"STAF Revolution 03G Blue U15 Girls NCSL","U15","Girls"
"STAF Revolution 03G White U15 Girls NCSL","U15","Girls"
"STAF Revolution 04B Blue U14 Boys NCSL","U14","Boys"
"STAF Revolution 04B White U14 Boys NCSL","U14","Boys"
"STAF Revolution 04G Blue U14 Girls NCSL","U14","Girls"
"STAF Revolution 05B Blue U13 Boys NCSL","U13","Boys"
"STAF Revolution 05B White U13 Boys NCSL","U13","Boys"
"STAF Revolution 05G Blue U13 Girls NCSL","U13","Girls"
"STAF Revolution 06B Blue U12 Boys NCSL","U12","Boys"
"STAF Revolution 06G Blue U12 Girls NCSL","U12","Girls"
"STAF Revolution 07B Blue U11 Boys NCSL","U11","Boys"
"STAF Revolution 07B White U11 Boys NCSL","U11","Boys"
"STAF Revolution 07G Blue U11 Girls NCSL","U11","Girls"
"STAF Revolution 99B Blue U19 Boys NCSL","U19","Boys"
"STAF Revolution 99B White U19 Boys NCSL","U19","Boys"
"STAF Revolution 99G Blue U19 Girls NCSL","U19","Girls"
"STER FC Elite '01 Blackhawks U17 Boys NCSL","U17","Boys"
"STER FC Elite Black '02 Lightning U16 Girls NCSL","U16","Girls"
"STER FC Elite Black '05 Lions U13 Boys NCSL","U13","Boys"
"STER FC Elite Black '99 U19 Girls NCSL","U19","Girls"
"STER FC Elite Orange '01 Evergreen U17 Girls NCSL","U17","Girls"
"STER FC Elite Orange '07 Evergreen U11 Girls NCSL","U11","Girls"
"STER FC Elite White '01 International U17 Boys NCSL","U17","Boys"
"STER FC Orange '07 U11 Boys NCSL","U11","Boys"
"SYA Cardinals '06 Black U12 Boys NCSL","U12","Boys"
"SYA Cardinals '07 Black U11 Boys NCSL","U11","Boys"
"SYC Cyclones 99 Blue U19 Boys NCSL","U19","Boys"
"SYC Lions 00 Orange U18 Boys NCSL","U18","Boys"
"SYC Lions 01 Blue U17 Boys NCSL","U17","Boys"
"SYC Lions 02 Orange U16 Boys NCSL","U16","Boys"
"SYC Lions 03 Orange U15 Boys NCSL","U15","Boys"
"SYC Lions 04 Orange U14 Boys NCSL","U14","Boys"
"SYC Lions 04 White U14 Boys NCSL","U14","Boys"
"SYC Lions 05 Orange U13 Boys NCSL","U13","Boys"
"SYC Lions 05 White U13 Boys NCSL","U13","Boys"
"SYC Lions 06 Blue U12 Boys NCSL","U12","Boys"
"SYC Lions 06 White U12 Boys NCSL","U12","Boys"
"SYC Lions 07 Orange U11 Boys NCSL","U11","Boys"
"SYC Lions 07 White U11 Boys NCSL","U11","Boys"
"SYC Lions 08 Black U10 Boys NCSL","U10","Boys"
"SYC Pride 00 Blue U18 Girls NCSL","U18","Girls"
"SYC Pride 00 Orange U18 Girls NCSL","U18","Girls"
"SYC Pride 01 White U17 Girls NCSL","U17","Girls"
"SYC Pride 03 White U15 Girls NCSL","U15","Girls"
"SYC Pride 04 White U14 Girls NCSL","U14","Girls"
"SYC Pride 05 Orange U13 Girls NCSL","U13","Girls"
"SYC Pride 06 Orange U12 Girls NCSL","U12","Girls"
"SYC Pride 07 Orange U11 Girls NCSL","U11","Girls"
"SYC Pride 08 Black U10 Girls NCSL","U10","Girls"
"SYC Storm 99 Blue U19 Girls NCSL","U19","Girls"
"TAFC Team America 2001 Wisterman USA U17 Boys NCSL","U17","Boys"
"TAFC Team America Academy 2005 U13 Boys NCSL","U13","Boys"
"TAFC Team America Academy 2006 U12 Boys NCSL","U12","Boys"
"TAFC Team America All Stars 2003 U15 Boys NCSL","U15","Boys"
"TAFC Team America Bata 2003 U15 Boys NCSL","U15","Boys"
"TAFC Team America Freedom 2000 U18 Girls NCSL","U18","Girls"
"TAFC Team America Spartans 01 U17 Boys NCSL","U17","Boys"
"TAFC Team America Spartans 2000 U18 Boys NCSL","U18","Boys"
"TAFC Team America Spartans 2002 U16 Boys NCSL","U16","Boys"
"TAFC Team America Spartans 2003 U15 Boys NCSL","U15","Boys"
"TAFC Team America Spartans 2006 Red U12 Boys NCSL","U12","Boys"
"TAFC Team America Spartans 2007 white U11 Boys NCSL","U11","Boys"
"TAPK Takoma Ambush U18 Boys NCSL","U18","Boys"
"TAPK Takoma Diablos U18 Boys NCSL","U18","Boys"
"TAPK Takoma Dreamers Juventus U12 Boys NCSL","U12","Boys"
"TAPK Takoma Dreamers Lyons U13 Boys NCSL","U13","Boys"
"TAPK Takoma Dreamers Napoly U11 Boys NCSL","U11","Boys"
"TAPK Takoma Friends United U15 Boys NCSL","U15","Boys"
"TAPK Takoma Galaxy U13 Boys NCSL","U13","Boys"
"TAPK Takoma Marvels U12 Girls NCSL","U12","Girls"
"TAPK Takoma Pink Panthers U11 Girls NCSL","U11","Girls"
"TAPK Takoma Revolution Blue U11 Boys NCSL","U11","Boys"
"TAPK Takoma Revolution White U11 Boys NCSL","U11","Boys"
"TAPK Takoma Storm U10 Boys NCSL","U10","Boys"
"TAPK Takoma Titans U15 Boys NCSL","U15","Boys"
"TAPK Takoma United Black 06 U12 Boys NCSL","U12","Boys"
"TAPK Takoma United Blue U15 Boys NCSL","U15","Boys"
"TAPK Takoma United U12 Girls NCSL","U12","Girls"
"TAPK Takoma Wave U16 Girls NCSL","U16","Girls"
"TAPK Takoma Xelaju U10 Boys NCSL","U10","Boys"
"TCSC 04 Fusion Black U14 Boys NCSL","U14","Boys"
"TCSC 05 Impact Black U13 Boys NCSL","U13","Boys"
"TCSC 05 Spirit Black U13 Girls NCSL","U13","Girls"
"TCSC 06 Blast Blue U12 Boys NCSL","U12","Boys"
"TCSC 06 Phoenix Black U12 Girls NCSL","U12","Girls"
"TCSC 06B Blast Black U12 Boys NCSL","U12","Boys"
"TCSC 07 Force Black U11 Boys NCSL","U11","Boys"
"TCSC 07 Triumph U11 Girls NCSL","U11","Girls"
"TCSC 08 Fusion U10 Girls NCSL","U10","Girls"
"TCSC 08B United U10 Boys NCSL","U10","Boys"
"TCSC Torpedoes 08B U10 Boys NCSL","U10","Boys"
"TSC Benfica U11 Boys NCSL","U11","Boys"
"TSC Celtic U10 Boys NCSL","U10","Boys"
"TSC Cruz Azul U12 Boys NCSL","U12","Boys"
"TSC Fusion U11 Girls NCSL","U11","Girls"
"TSC Gunners U15 Boys NCSL","U15","Boys"
"TSC Monaco U13 Boys NCSL","U13","Boys"
"TSC PSG U13 Boys NCSL","U13","Boys"
"TSC Rangers U10 Boys NCSL","U10","Boys"
"TSC Real U14 Girls NCSL","U14","Girls"
"TSC Red Stars U15 Girls NCSL","U15","Girls"
"TSC River Plate U14 Boys NCSL","U14","Boys"
"TSC Santos U12 Girls NCSL","U12","Girls"
"VBSC Shenandoah FC Elite 2004 U14 Boys NCSL","U14","Boys"
"VBSC Vortex U16 Boys NCSL","U16","Boys"
"VIST Barrio Boys Elite U16 Boys NCSL","U16","Boys"
"VIST Blackwatch U19 Boys NCSL","U19","Boys"
"VIST Bulldogs U15 Girls NCSL","U15","Girls"
"VIST Clifton Cobras U10 Boys NCSL","U10","Boys"
"VIST Falcons 07/08 U11 Boys NCSL","U11","Boys"
"VIST FC Barcelona 06 U12 Boys NCSL","U12","Boys"
"VIST FC Stars U09 Boys NCSL","U09","Boys"
"VIST Freedom FC 03 U15 Girls NCSL","U15","Girls"
"VIST Freedom FC U17 Girls NCSL","U17","Girls"
"VIST Impact FC U18 Girls NCSL","U18","Girls"
"VIST Impact FC-03 U15 Girls NCSL","U15","Girls"
"VIST Legend U09 Boys NCSL","U09","Boys"
"VIST Mambas U14 Boys NCSL","U14","Boys"
"VIST Shenandoah FC  Elite 06 U12 Boys NCSL","U12","Boys"
"VIST Shenandoah FC  Elite 08 U10 Boys NCSL","U10","Boys"
"VIST Shenandoah FC  Elite 08 U10 Girls NCSL","U10","Girls"
"VIST Shenandoah FC Elite 09 U09 Boys NCSL","U09","Boys"
"VIST Spartans U14 Boys NCSL","U14","Boys"
"VSA 01B Academy Select U17 Boys NCSL","U17","Boys"
"VSA 02B Academy Select Red U16 Boys NCSL","U16","Boys"
"VSA 02G Academy Select Red U16 Girls NCSL","U16","Girls"
"VSA 03B Academy Select U15 Boys NCSL","U15","Boys"
"VSA 03G Academy Select Red U15 Girls NCSL","U15","Girls"
"VSA 04B Pre Academy Select Red U14 Boys NCSL","U14","Boys"
"VSA 04G Pre Academy Select Navy U14 Girls NCSL","U14","Girls"
"VSA 04G Pre Academy Select Red U14 Girls NCSL","U14","Girls"
"VSA 05B Pre Academy Select Red U13 Boys NCSL","U13","Boys"
"VSA 05G Pre Academy Select Navy U13 Girls NCSL","U13","Girls"
"VSA 05G Pre Academy Select Red U13 Girls NCSL","U13","Girls"
"VSA 06B Pre Academy NCSL U12 Boys NCSL","U12","Boys"
"VSA 06G Pre Academy NCSL U12 Girls NCSL","U12","Girls"
"VSA 07B Pre Academy NCSL U11 Boys NCSL","U11","Boys"
"VSA 07G Pre Academy NCSL U11 Girls NCSL","U11","Girls"
"VSA 08B Jr Academy Messi U10 Boys NCSL","U10","Boys"
"VSA 08G Jr Academy Lloyd U10 Girls NCSL","U10","Girls"
"VSA 08G Jr Academy Morgan U10 Girls NCSL","U10","Girls"
"VSA 09B Jr Academy Messi U09 Boys NCSL","U09","Boys"
"VSA 09G Jr Academy Lloyd U09 Girls NCSL","U09","Girls"
"VSA 09G Jr Academy Morgan U09 Girls NCSL","U09","Girls"
"VYS '08B Black U10 Boys NCSL","U10","Boys"
"VYS '08B Red U10 Boys NCSL","U10","Boys"
"VYS '08B Silver U10 Boys NCSL","U10","Boys"
"VYS '08B White U10 Boys NCSL","U10","Boys"
"VYS '08G Black U10 Girls NCSL","U10","Girls"
"VYS '08G Red U10 Girls NCSL","U10","Girls"
"VYS '08G Silver U10 Girls NCSL","U10","Girls"
"VYS '08G White U10 Girls NCSL","U10","Girls"
"VYS 06B Black U12 Boys NCSL","U12","Boys"
"VYS 06B White U12 Boys NCSL","U12","Boys"
"VYS 06G Black U12 Girls NCSL","U12","Girls"
"VYS 06G White U12 Girls NCSL","U12","Girls"
"VYS 07B Black U11 Boys NCSL","U11","Boys"
"VYS 07B White U11 Boys NCSL","U11","Boys"
"VYS 07G Black U11 Girls NCSL","U11","Girls"
"VYS 07G White U11 Girls NCSL","U11","Girls"
"VYS 09B Black U09 Boys NCSL","U09","Boys"
"VYS 09B Red U09 Boys NCSL","U09","Boys"
"VYS 09B Silver U09 Boys NCSL","U09","Boys"
"VYS 09B White U09 Boys NCSL","U09","Boys"
"VYS 09G Black U09 Girls NCSL","U09","Girls"
"VYS 09G Red U09 Girls NCSL","U09","Girls"
"VYS 09G White U09 Girls NCSL","U09","Girls"
"VYS Elite Black U19 Boys NCSL","U19","Boys"
"VYS Elite Red U19 Boys NCSL","U19","Boys"
"VYS Fire Black U14 Girls NCSL","U14","Girls"
"VYS Freedom Black U17 Girls NCSL","U17","Girls"
"VYS Fury Black U15 Girls NCSL","U15","Girls"
"VYS Fury White U15 Girls NCSL","U15","Girls"
"VYS Fusion U19 Girls NCSL","U19","Girls"
"VYS Lightning Black U16 Boys NCSL","U16","Boys"
"VYS Patriots Red U19 Girls NCSL","U19","Girls"
"VYS Pride Black U16 Girls NCSL","U16","Girls"
"VYS Spartans Black U15 Boys NCSL","U15","Boys"
"VYS Spartans White U15 Boys NCSL","U15","Boys"
"VYS SPIRIT BLACK U13 Girls NCSL","U13","Girls"
"VYS Spirit White U13 Girls NCSL","U13","Girls"
"VYS Titans Black U17 Boys NCSL","U17","Boys"
"VYS United Black U13 Boys NCSL","U13","Boys"
"VYS United White U13 Boys NCSL","U13","Boys"
"VYS Vipers Black U14 Boys NCSL","U14","Boys"
"VYS Vipers White U14 Boys NCSL","U14","Boys"
"WALD 09 Boys Orange U09 Boys NCSL","U09","Boys"
"WALD SC 00 Boys Orange U18 Boys NCSL","U18","Boys"
"WALD SC 04 Boys Orange U14 Boys NCSL","U14","Boys"
"WALD SC 04 Girls Orange U14 Girls NCSL","U14","Girls"
"WALD SC 05 Boys Black U13 Boys NCSL","U13","Boys"
"WALD SC 07 Girls Orange U11 Girls NCSL","U11","Girls"
"WBSC Strikers 01B White U17 Boys NCSL","U17","Boys"
"WBSC Strikers 01G Blue U17 Girls NCSL","U17","Girls"
"WBSC Strikers 02B Blue U16 Boys NCSL","U16","Boys"
"WBSC Strikers 02G Blue U16 Girls NCSL","U16","Girls"
"WBSC Strikers 02G White U16 Girls NCSL","U16","Girls"
"WIN United 01B Orange U17 Boys NCSL","U17","Boys"
"WIN United 01G Orange U17 Girls NCSL","U17","Girls"
"WIN United 02B Blue U16 Boys NCSL","U16","Boys"
"WIN United 02B Orange U16 Boys NCSL","U16","Boys"
"WIN United 02G Orange U16 Girls NCSL","U16","Girls"
"WIN United 03B Blue U15 Boys NCSL","U15","Boys"
"WIN United 03B Orange U15 Boys NCSL","U15","Boys"
"WIN United 03G Orange U15 Girls NCSL","U15","Girls"
"WIN United 04B Orange U14 Boys NCSL","U14","Boys"
"WIN United 04G Orange U14 Girls NCSL","U14","Girls"
"WIN United 05B Orange U13 Boys NCSL","U13","Boys"
"WIN United 05G Orange U13 Girls NCSL","U13","Girls"
"WIN United 06B Orange U12 Boys NCSL","U12","Boys"
"WIN United 06G Orange U12 Girls NCSL","U12","Girls"
"WIN United 07B Orange U11 Boys NCSL","U11","Boys"
"WIN United 07G Orange U11 Girls NCSL","U11","Girls"
"WIN United 09B Blue U09 Boys NCSL","U09","Boys"
"WIN United 09B Orange U09 Boys NCSL","U09","Boys"
"WIN United 09G Orange U09 Girls NCSL","U09","Girls"
"WIN United 99B Blue U19 Boys NCSL","U19","Boys"
"WIN United 99B Orange U19 Boys NCSL","U19","Boys"
"WIN United 99G Orange U19 Girls NCSL","U19","Girls"
"WSC Brasil FC U10 Boys NCSL","U10","Boys"
"WSC Brasil FC U11 Boys NCSL","U11","Boys"
"WSC Brasil FC U12 Boys NCSL","U12","Boys"
"WSC Diplomats U10 Boys NCSL","U10","Boys"
"WSC Diplomats U12 Boys NCSL","U12","Boys"
"WSC Diplomats White U14 Boys NCSL","U14","Boys"
"WSC Vipers F.C U15 Boys NCSL","U15","Boys"
"WYSC Mustangs 01G U17 Girls NCSL","U17","Girls"
