"Home","Away","Field","Age.Group","Gender"
"AYSO Arsenal U09 Boys TASL","WBSC Strikers U09 Boys TASL","AYSO Cornland Park Field 3","U09","Boys"
"Beach FC Lightning U09 Boys TASL","TSA City U09 Boys TASL","Hampton Roads Soccer Complex Field 18B","U09","Boys"
"TSA City U09 Boys TASL","CSC Fusion U09 Boys TASL","Wahrill Soccer Complex Field 2","U09","Boys"
"CUSC Vipers U09 Boys TASL","WBSC Strikers U09 Boys TASL","Centerville Compex 9B","U09","Boys"
"WBSC Strikers U09 Boys TASL","Beach FC Lightning U09 Boys TASL","Joliff Middle School Field 3","U09","Boys"
"WBSC Strikers U09 Boys TASL","Beach FC Tsunami U09 Boys TASL","Joliff Middle School Field 3","U09","Boys"
"CSC Fusion U09 Boys TASL","WBSC Strikers U09 Boys TASL","Centerville Complex Field 7b","U09","Boys"
"TSA City U09 Boys TASL","Beach FC Tsunami U09 Boys TASL","Wahrill Soccer Complex Field 2","U09","Boys"
"Beach FC Tsunami U09 Boys TASL","CUSC Vipers U09 Boys TASL","Hampton Roads Soccer Complex Field 18A","U09","Boys"
"WBSC Strikers U09 Boys TASL","Beach FC Lightning U09 Boys TASL","Joliff Middle School Field 3","U09","Boys"
"Beach FC Tsunami U09 Boys TASL","CSC Fusion U09 Boys TASL","Hampton Roads Soccer Complex Field 18B","U09","Boys"
"TSA City U09 Boys TASL","WBSC Strikers U09 Boys TASL","Wahrill Soccer Complex Field 2","U09","Boys"
"WBSC Strikers U09 Boys TASL","CUSC Vipers U09 Boys TASL","Joliff Middle School Field 3","U09","Boys"
"CSC Fusion U09 Boys TASL","TSA City U09 Boys TASL","Centerville Complex Field 7b","U09","Boys"
"Beach FC Tsunami U09 Boys TASL","WBSC Strikers U09 Boys TASL","Hampton Roads Soccer Complex Field 18B","U09","Boys"
"CUSC Vipers U09 Boys TASL","CSC Fusion U09 Boys TASL","Centerville Compex 9B","U09","Boys"
"CSC Fusion U09 Boys TASL","Beach FC Tsunami U09 Boys TASL","Centerville Complex Field 7b","U09","Boys"
"CUSC Vipers U09 Boys TASL","TSA City U09 Boys TASL","Centerville Complex Field 7b","U09","Boys"
"Beach FC Tsunami U09 Boys TASL","Beach FC Lightning U09 Boys TASL","Hampton Roads Soccer Complex Field 18A","U09","Boys"
"CSC Fusion U09 Boys TASL","CUSC Vipers U09 Boys TASL","Centerville Complex Field 7b","U09","Boys"
"Beach FC Lightning U09 Boys TASL","CUSC Vipers U09 Boys TASL","Hampton Roads Soccer Complex Field 18A","U09","Boys"
"Beach FC Lightning U09 Boys TASL","CSC Fusion U09 Boys TASL","Hampton Roads Soccer Complex Field 18B","U09","Boys"
"CUSC Vipers U09 Boys TASL","TSA City U09 Boys TASL","Centerville Compex 9B","U09","Boys"
"Beach FC Lightning U09 Boys TASL","Beach FC Tsunami U09 Boys TASL","Hampton Roads Soccer Complex Field 18B","U09","Boys"
"TSA City U09 Boys TASL","Beach FC Lightning U09 Boys TASL","Wahrill Soccer Complex Field 2","U09","Boys"
"CUSC The Jedis U09 Boys TASL","CSL Dragons U09 Boys TASL","Centerville Compex 9B","U09","Boys"
"Beach FC Fire U09 Boys TASL","CSL Dragons U09 Boys TASL","Hampton Roads Soccer Complex Field 18B","U09","Boys"
"Suffolk Icepacks U09 Boys TASL","CSL Dragons U09 Boys TASL","SYAA Field 7","U09","Boys"
"Suffolk Icepacks U09 Boys TASL","Beach FC Fire U09 Boys TASL","SYAA Field 7","U09","Boys"
"CSL Dragons U09 Boys TASL","Portsmouth Ecudor U09 Boys TASL","Churchland Park Field  6","U09","Boys"
"CUSC The Jedis U09 Boys TASL","Beach FC Fire U09 Boys TASL","Centerville Compex 9B","U09","Boys"
"Portsmouth Ecudor U09 Boys TASL","Beach FC Timbers U09 Boys TASL","John Tyler Complex Field 3","U09","Boys"
"Suffolk Icepacks U09 Boys TASL","CUSC The Jedis U09 Boys TASL","SYAA Field 7","U09","Boys"
"Beach FC Timbers U09 Boys TASL","Beach FC Fire U09 Boys TASL","Hampton Roads Soccer Complex Field 18B","U09","Boys"
"Portsmouth Ecudor U09 Boys TASL","Suffolk Icepacks U09 Boys TASL","John Tyler Complex Field 3","U09","Boys"
"Beach FC Fire U09 Boys TASL","Portsmouth Ecudor U09 Boys TASL","Hampton Roads Soccer Complex Field 18A","U09","Boys"
"CSL Dragons U09 Boys TASL","Beach FC Timbers U09 Boys TASL","Churchland Park Field  6","U09","Boys"
"CUSC The Jedis U09 Boys TASL","Portsmouth Ecudor U09 Boys TASL","Centerville Compex 9B","U09","Boys"
"CSL Dragons U09 Boys TASL","Portsmouth Ecudor U09 Boys TASL","Churchland Park Field  6","U09","Boys"
"Beach FC Timbers U09 Boys TASL","Suffolk Icepacks U09 Boys TASL","Hampton Roads Soccer Complex Field 18A","U09","Boys"
"Beach FC Timbers U09 Boys TASL","Suffolk Icepacks U09 Boys TASL","Hampton Roads Soccer Complex Field 18B","U09","Boys"
"CUSC The Jedis U09 Boys TASL","Beach FC Timbers U09 Boys TASL","Centerville Compex 9B","U09","Boys"
"Beach FC Timbers U09 Boys TASL","Suffolk Icepacks U09 Boys TASL","Hampton Roads Soccer Complex Field 18B","U09","Boys"
"Beach FC Fire U09 Boys TASL","CSL Dragons U09 Boys TASL","Hampton Roads Soccer Complex Field 18B","U09","Boys"
"CSL Dragons U09 Boys TASL","CUSC The Jedis U09 Boys TASL","Churchland Park Field  6","U09","Boys"
"CUSC The Jedis U09 Boys TASL","Beach FC Timbers U09 Boys TASL","Centerville Compex 9B","U09","Boys"
"Suffolk Icepacks U09 Boys TASL","Beach FC Fire U09 Boys TASL","SYAA Field 7","U09","Boys"
"Beach FC Fire U09 Boys TASL","CUSC The Jedis U09 Boys TASL","Hampton Roads Soccer Complex Field 18B","U09","Boys"
"TSA United U09 Boys TASL","Beach FC Rapids U09 Boys TASL","Wahrill Soccer Complex Field 2","U09","Boys"
"Beach FC Revolution U09 Boys TASL","TSA United U09 Boys TASL","Hampton Roads Soccer Complex Field 18B","U09","Boys"
"Beach FC Impact U09 Boys TASL","TSA United U09 Boys TASL","Hampton Roads Soccer Complex Field 18B","U09","Boys"
"Beach FC Impact U09 Boys TASL","Beach FC Revolution U09 Boys TASL","Hampton Roads Soccer Complex Field 18B","U09","Boys"
"Beach FC Rapids U09 Boys TASL","Beach FC Impact U09 Boys TASL","Hampton Roads Soccer Complex Field 18B","U09","Boys"
"TSA United U09 Boys TASL","Beach FC Impact U09 Boys TASL","Wahrill Soccer Complex Field 2","U09","Boys"
"Beach FC Revolution U09 Boys TASL","Beach FC Rapids U09 Boys TASL","Hampton Roads Soccer Complex Field 18B","U09","Boys"
"Beach FC Impact U09 Boys TASL","Smithfield Arsenal U09 Boys TASL","Hampton Roads Soccer Complex Field 18B","U09","Boys"
"Beach FC Revolution U09 Boys TASL","Beach FC Impact U09 Boys TASL","Hampton Roads Soccer Complex Field 18B","U09","Boys"
"TSA United U09 Boys TASL","Beach FC Revolution U09 Boys TASL","Wahrill Soccer Complex Field 2","U09","Boys"
"Beach FC Impact U09 Boys TASL","Beach FC Rapids U09 Boys TASL","Hampton Roads Soccer Complex Field 18A","U09","Boys"
"Smithfield Arsenal U09 Boys TASL","TSA United U09 Boys TASL","Carrollton Nike Park  1","U09","Boys"
"Beach FC Impact U09 Boys TASL","Smithfield Arsenal U09 Boys TASL","Hampton Roads Soccer Complex Field 18A","U09","Boys"
"Beach FC Rapids U09 Boys TASL","Smithfield Arsenal U09 Boys TASL","Hampton Roads Soccer Complex Field 18B","U09","Boys"
"Smithfield Arsenal U09 Boys TASL","TSA United U09 Boys TASL","Carrollton Nike Park  1","U09","Boys"
"Beach FC Revolution U09 Boys TASL","Smithfield Arsenal U09 Boys TASL","Hampton Roads Soccer Complex Field 18B","U09","Boys"
"Smithfield Arsenal U09 Boys TASL","Beach FC Revolution U09 Boys TASL","Carrollton Nike Park  1","U09","Boys"
"Beach FC Rapids U09 Boys TASL","TSA United U09 Boys TASL","Hampton Roads Soccer Complex Field 18B","U09","Boys"
"Smithfield Arsenal U09 Boys TASL","Beach FC Rapids U09 Boys TASL","Carrollton Nike Park  1","U09","Boys"
"Beach FC Rapids U09 Boys TASL","Beach FC Revolution U09 Boys TASL","Hampton Roads Soccer Complex Field 18B","U09","Boys"
"CSL Wolverines U10 Boys TASL","Beach FC Ghent Racers U10 Boys TASL","Churchland Park Field  6","U10","Boys"
"Smithfield Flames U10 Boys TASL","Suffolk Rampage U10 Boys TASL","Carrollton Nike Park  1","U10","Boys"
"Suffolk Rampage U10 Boys TASL","Beach FC Ghent Racers U10 Boys TASL","SYAA Field 7","U10","Boys"
"Smithfield Flames U10 Boys TASL","CSC Avengers U10 Boys TASL","Carrollton Nike Park  1","U10","Boys"
"CSC Avengers U10 Boys TASL","Suffolk Rampage U10 Boys TASL","Centerville Complex Field 7b","U10","Boys"
"Beach FC Ghent Racers U10 Boys TASL","CSC Avengers U10 Boys TASL","Lake Taylor Soccer Complex Field 13","U10","Boys"
"CSL Wolverines U10 Boys TASL","Suffolk Rampage U10 Boys TASL","Churchland Park Field  6","U10","Boys"
"CSC Avengers U10 Boys TASL","CSL Wolverines U10 Boys TASL","Centerville Complex Field 7b","U10","Boys"
"Suffolk Rampage U10 Boys TASL","CSL Wolverines U10 Boys TASL","SYAA Field 7","U10","Boys"
"Suffolk Rampage U10 Boys TASL","CSC Avengers U10 Boys TASL","SYAA Field 7","U10","Boys"
"CSC Avengers U10 Boys TASL","Beach FC Ghent Racers U10 Boys TASL","Centerville Complex Field 7b","U10","Boys"
"CSC Avengers U10 Boys TASL","Smithfield Flames U10 Boys TASL","Centerville Complex Field 7b","U10","Boys"
"Smithfield Flames U10 Boys TASL","Suffolk Rampage U10 Boys TASL","Carrollton Nike Park  1","U10","Boys"
"Portsmouth Ecudor U10 Boys TASL","CSC Avengers U10 Boys TASL","John Tyler Complex Field 3","U10","Boys"
"Portsmouth Ecudor U10 Boys TASL","CSL Wolverines U10 Boys TASL","John Tyler Complex Field 3","U10","Boys"
"Beach FC Ghent Racers U10 Boys TASL","Smithfield Flames U10 Boys TASL","Hampton Roads Soccer Complex Field 18B","U10","Boys"
"CSL Wolverines U10 Boys TASL","Smithfield Flames U10 Boys TASL","Churchland Park Field  6","U10","Boys"
"Suffolk Rampage U10 Boys TASL","Beach FC Ghent Racers U10 Boys TASL","SYAA Field 7","U10","Boys"
"Beach FC Ghent Racers U10 Boys TASL","Smithfield Flames U10 Boys TASL","Lake Taylor Soccer Complex Field 13","U10","Boys"
"Smithfield Flames U10 Boys TASL","CSL Wolverines U10 Boys TASL","Carrollton Nike Park  1","U10","Boys"
"Beach FC Ghent Racers U10 Boys TASL","CSL Wolverines U10 Boys TASL","Lake Taylor Soccer Complex Field 13","U10","Boys"
"Beach FC Fire U10 Boys TASL","AYSO Arsenal U10 Boys TASL","Hampton Roads Soccer Complex Field 18A","U10","Boys"
"WBSC Gunners U10 Boys TASL","AYSO Arsenal U10 Boys TASL","Joliff Middle School Field 3","U10","Boys"
"Va Legacy PEN Titans U10 Boys TASL","Beach FC United U10 Boys TASL","Warhill Soccer Complex Field 4","U10","Boys"
"Beach FC Fire U10 Boys TASL","Beach FC St Patrick Wolfhounds N U10 Boys TASL","Hampton Roads Soccer Complex Field 18B","U10","Boys"
"Beach FC St Patrick Wolfhounds N U10 Boys TASL","Beach FC United U10 Boys TASL","Hampton Roads Soccer Complex Field 18B","U10","Boys"
"Beach FC Fire U10 Boys TASL","Beach FC United U10 Boys TASL","Hampton Roads Soccer Complex Field 18A","U10","Boys"
"Beach FC St Patrick Wolfhounds N U10 Boys TASL","Va Legacy PEN Titans U10 Boys TASL","Lake Taylor Soccer Complex Field 13","U10","Boys"
"AYSO Arsenal U10 Boys TASL","Beach FC St Patrick Wolfhounds N U10 Boys TASL","AYSO Cornland Park Field 3","U10","Boys"
"Va Legacy PEN Titans U10 Boys TASL","Beach FC Fire U10 Boys TASL","Warhill Soccer Complex Field 4","U10","Boys"
"WBSC Gunners U10 Boys TASL","Beach FC Fire U10 Boys TASL","Joliff Middle School Field 3","U10","Boys"
"AYSO Arsenal U10 Boys TASL","Va Legacy PEN Titans U10 Boys TASL","AYSO Cornland Park Field 3","U10","Boys"
"Beach FC United U10 Boys TASL","AYSO Arsenal U10 Boys TASL","Hampton Roads Soccer Complex Field 18B","U10","Boys"
"Beach FC St Patrick Wolfhounds N U10 Boys TASL","Beach FC Fire U10 Boys TASL","Lake Taylor Soccer Complex Field 13","U10","Boys"
"Beach FC Fire U10 Boys TASL","AYSO Arsenal U10 Boys TASL","Hampton Roads Soccer Complex Field 18A","U10","Boys"
"Va Legacy PEN Titans U10 Boys TASL","Beach FC United U10 Boys TASL","Warhill Soccer Complex Field 4","U10","Boys"
"Beach FC United U10 Boys TASL","WBSC Gunners U10 Boys TASL","Hampton Roads Soccer Complex Field 18A","U10","Boys"
"WBSC Gunners U10 Boys TASL","Beach FC Fire U10 Boys TASL","Joliff Middle School Field 3","U10","Boys"
"AYSO Arsenal U10 Boys TASL","Va Legacy PEN Titans U10 Boys TASL","AYSO Cornland Park Field 3","U10","Boys"
"WBSC Gunners U10 Boys TASL","AYSO Arsenal U10 Boys TASL","Joliff Middle School Field 3","U10","Boys"
"Beach FC United U10 Boys TASL","WBSC Gunners U10 Boys TASL","Hampton Roads Soccer Complex Field 18A","U10","Boys"
"Beach FC St Patrick Wolfhounds N U10 Boys TASL","Beach FC United U10 Boys TASL","Lake Taylor Soccer Complex Field 13","U10","Boys"
"Va Legacy PEN Titans U10 Boys TASL","WBSC Gunners U10 Boys TASL","Warhill Soccer Complex Field 4","U10","Boys"
"Beach FC St Patrick Wolfhounds N U10 Boys TASL","WBSC Gunners U10 Boys TASL","Lake Taylor Soccer Complex Field 13","U10","Boys"
"Beach FC Pride U10 Boys TASL","Beach FC St Patrick Wolfhounds N U10 Boys TASL","Hampton Roads Soccer Complex Field 18B","U10","Boys"
"CUSC Strikers U10 Boys TASL","TSA Rovers FC U10 Boys TASL","Centerville Compex 9B","U10","Boys"
"Portsmouth Hornets U10 Boys TASL","Beach FC Pride U10 Boys TASL","John Tyler Complex Field 3","U10","Boys"
"TSA Rovers FC U10 Boys TASL","Beach FC St Patrick Wolfhounds N U10 Boys TASL","Wahrill Soccer Complex Field 2","U10","Boys"
"CSL Thunderbolts U10 Boys TASL","TSA Rovers FC U10 Boys TASL","Churchland Park Field  6","U10","Boys"
"Portsmouth Hornets U10 Boys TASL","TSA Rovers FC U10 Boys TASL","John Tyler Complex Field 3","U10","Boys"
"Beach FC Pride U10 Boys TASL","CSL Thunderbolts U10 Boys TASL","Hampton Roads Soccer Complex Field 18A","U10","Boys"
"CUSC Strikers U10 Boys TASL","Portsmouth Hornets U10 Boys TASL","Centerville Compex 9B","U10","Boys"
"Portsmouth Hornets U10 Boys TASL","CSL Thunderbolts U10 Boys TASL","John Tyler Complex Field 3","U10","Boys"
"Portsmouth Hornets U10 Boys TASL","CUSC Strikers U10 Boys TASL","John Tyler Complex Field 3","U10","Boys"
"CSL Thunderbolts U10 Boys TASL","CUSC Strikers U10 Boys TASL","Churchland Park Field  6","U10","Boys"
"TSA Rovers FC U10 Boys TASL","Portsmouth Hornets U10 Boys TASL","Wahrill Soccer Complex Field 2","U10","Boys"
"CUSC Strikers U10 Boys TASL","Beach FC Pride U10 Boys TASL","Centerville Compex 9B","U10","Boys"
"CSL Thunderbolts U10 Boys TASL","Portsmouth Hornets U10 Boys TASL","Churchland Park Field  6","U10","Boys"
"CSL Thunderbolts U10 Boys TASL","CUSC Strikers U10 Boys TASL","Churchland Park Field  6","U10","Boys"
"CUSC Strikers U10 Boys TASL","Beach FC Pride U10 Boys TASL","Centerville Compex 9B","U10","Boys"
"TSA Rovers FC U10 Boys TASL","CUSC Strikers U10 Boys TASL","Wahrill Soccer Complex Field 2","U10","Boys"
"Beach FC Pride U10 Boys TASL","TSA Rovers FC U10 Boys TASL","Hampton Roads Soccer Complex Field 18A","U10","Boys"
"TSA Rovers FC U10 Boys TASL","CSL Thunderbolts U10 Boys TASL","Wahrill Soccer Complex Field 2","U10","Boys"
"Beach FC Pride U10 Boys TASL","Portsmouth Hornets U10 Boys TASL","Hampton Roads Soccer Complex Field 18B","U10","Boys"
"Beach FC Pride U10 Boys TASL","CSL Thunderbolts U10 Boys TASL","Hampton Roads Soccer Complex Field 18A","U10","Boys"
"CSL Challengers U11 Boys TASL","Beach FC Thunder U11 Boys TASL","Churchland Park Field  1","U11","Boys"
"Carolina Lightning U11 Boys TASL","WBSC Legends U11 Boys TASL","Albemarle School Field 1","U11","Boys"
"AYSO Arsenal U11 Boys TASL","WBSC Arsenal U11 Boys TASL","AYSO Cornland Park Field 5","U11","Boys"
"AYSO Arsenal U11 Boys TASL","CSL Avengers U11 Boys TASL","AYSO Cornland Park Field 5","U11","Boys"
"WBSC Legends U11 Boys TASL","Beach FC Strikers U11 Boys TASL","Joliff Middle School Field 2","U11","Boys"
"WBSC Arsenal U11 Boys TASL","Beach FC Thunder U11 Boys TASL","Joliff Middle School Field 2","U11","Boys"
"WBSC Arsenal U11 Boys TASL","CSL Challengers U11 Boys TASL","Joliff Middle School Field 2","U11","Boys"
"CSC Hawks U11 Boys TASL","AYSO Arsenal U11 Boys TASL","Centerville Complex Field 7A","U11","Boys"
"WBSC Legends U11 Boys TASL","Beach FC Raptors U11 Boys TASL","Joliff Middle School Field 2","U11","Boys"
"Beach FC Thunder U11 Boys TASL","WBSC Legends U11 Boys TASL","Lake Taylor Soccer Complex Field 10","U11","Boys"
"Carolina Lightning U11 Boys TASL","Beach FC Raptors U11 Boys TASL","Albemarle School Field 1","U11","Boys"
"CSL Avengers U11 Boys TASL","WBSC Arsenal U11 Boys TASL","Churchland Park Field  1","U11","Boys"
"CSC Hawks U11 Boys TASL","Beach FC Thunder U11 Boys TASL","Centerville Complex Field 7A","U11","Boys"
"Beach FC Strikers U11 Boys TASL","Beach FC Raptors U11 Boys TASL","Hampton Roads Soccer Complex Field 13B","U11","Boys"
"AYSO Arsenal U11 Boys TASL","Carolina Lightning U11 Boys TASL","AYSO Cornland Park Field 5","U11","Boys"
"CSL Challengers U11 Boys TASL","CSC Hawks U11 Boys TASL","Churchland Park Field  1","U11","Boys"
"Beach FC Raptors U11 Boys TASL","WBSC Arsenal U11 Boys TASL","Hampton Roads Soccer Complex Field 13B","U11","Boys"
"CSC Hawks U11 Boys TASL","WBSC Arsenal U11 Boys TASL","Centerville Complex Field 7A","U11","Boys"
"Carolina Lightning U11 Boys TASL","CSL Avengers U11 Boys TASL","Albemarle School Field 1","U11","Boys"
"AYSO Arsenal U11 Boys TASL","Beach FC Raptors U11 Boys TASL","AYSO Cornland Park Field 5","U11","Boys"
"WBSC Legends U11 Boys TASL","CSC Hawks U11 Boys TASL","Joliff Middle School Field 2","U11","Boys"
"WBSC Arsenal U11 Boys TASL","Beach FC Strikers U11 Boys TASL","Joliff Middle School Field 2","U11","Boys"
"CSL Avengers U11 Boys TASL","WBSC Legends U11 Boys TASL","Churchland Park Field  1","U11","Boys"
"Beach FC Raptors U11 Boys TASL","CSC Hawks U11 Boys TASL","Hampton Roads Soccer Complex Field 13B","U11","Boys"
"CSL Avengers U11 Boys TASL","Beach FC Strikers U11 Boys TASL","Churchland Park Field  1","U11","Boys"
"CSC Hawks U11 Boys TASL","Carolina Lightning U11 Boys TASL","Centerville Complex Field 7A","U11","Boys"
"Beach FC Raptors U11 Boys TASL","CSL Challengers U11 Boys TASL","Hampton Roads Soccer Complex Field 13B","U11","Boys"
"Beach FC Strikers U11 Boys TASL","Carolina Lightning U11 Boys TASL","Hampton Roads Soccer Complex Field 13B","U11","Boys"
"CSL Avengers U11 Boys TASL","Beach FC Thunder U11 Boys TASL","Churchland Park Field  1","U11","Boys"
"CSL Challengers U11 Boys TASL","AYSO Arsenal U11 Boys TASL","Churchland Park Field  1","U11","Boys"
"Beach FC Strikers U11 Boys TASL","CSC Hawks U11 Boys TASL","Hampton Roads Soccer Complex Field 13B","U11","Boys"
"WBSC Arsenal U11 Boys TASL","WBSC Legends U11 Boys TASL","Joliff Middle School Field 2","U11","Boys"
"CSL Avengers U11 Boys TASL","CSL Challengers U11 Boys TASL","Churchland Park Field  1","U11","Boys"
"Beach FC Thunder U11 Boys TASL","Carolina Lightning U11 Boys TASL","Lake Taylor Soccer Complex Field 10","U11","Boys"
"Beach FC Strikers U11 Boys TASL","AYSO Arsenal U11 Boys TASL","Hampton Roads Soccer Complex Field 13B","U11","Boys"
"Beach FC Thunder U11 Boys TASL","Beach FC Strikers U11 Boys TASL","Lake Taylor Soccer Complex Field 10","U11","Boys"
"CSL Challengers U11 Boys TASL","WBSC Legends U11 Boys TASL","Churchland Park Field  1","U11","Boys"
"Beach FC Raptors U11 Boys TASL","CSL Avengers U11 Boys TASL","Lake Taylor Soccer Complex Field 10","U11","Boys"
"Beach FC Thunder U11 Boys TASL","AYSO Arsenal U11 Boys TASL","Lake Taylor Soccer Complex Field 10","U11","Boys"
"Carolina Lightning U11 Boys TASL","CSL Challengers U11 Boys TASL","Albemarle School Field 1","U11","Boys"
"CSL Famous Strikers U11 Boys TASL","Beach FC Scorpions U11 Boys TASL","Churchland Park Field  1","U11","Boys"
"Suffolk Arsenal U11 Boys TASL","CUSC Panthers U11 Boys TASL","SYAA field 5","U11","Boys"
"CUSC Panthers U11 Boys TASL","CSL Famous Strikers U11 Boys TASL","Centerville Complex Field 9","U11","Boys"
"Beach FC Strikers 2 U11 Boys TASL","Suffolk Arsenal U11 Boys TASL","Hampton Roads Soccer Complex Field 13B","U11","Boys"
"Suffolk Arsenal U11 Boys TASL","Beach FC Scorpions U11 Boys TASL","SYAA field 5","U11","Boys"
"Beach FC Strikers 2 U11 Boys TASL","CUSC Panthers U11 Boys TASL","Hampton Roads Soccer Complex Field 13B","U11","Boys"
"Beach FC Scorpions U11 Boys TASL","Beach FC Strikers U11 Boys TASL","Hampton Roads Soccer Complex Field 13B","U11","Boys"
"Beach FC Ninjas U11 Boys TASL","Suffolk Arsenal U11 Boys TASL","Hampton Roads Soccer Complex Field 13B","U11","Boys"
"Beach FC Strikers 2 U11 Boys TASL","Beach FC Ninjas U11 Boys TASL","Hampton Roads Soccer Complex Field 13B","U11","Boys"
"Suffolk Arsenal U11 Boys TASL","TSA Rovers FC U11 Boys TASL","SYAA field 5","U11","Boys"
"Beach FC Ninjas U11 Boys TASL","Beach FC Scorpions U11 Boys TASL","Hampton Roads Soccer Complex Field 13B","U11","Boys"
"TSA Rovers FC U11 Boys TASL","CUSC Panthers U11 Boys TASL","Wahrill Soccer Complex Field 2","U11","Boys"
"CUSC Panthers U11 Boys TASL","Beach FC Ninjas U11 Boys TASL","Centerville Complex Field 9","U11","Boys"
"Beach FC Dragons U11 Boys TASL","Beach FC Scorpions U11 Boys TASL","Lake Taylor Soccer Complex Field 10","U11","Boys"
"Beach FC Dragons U11 Boys TASL","Beach FC Strikers 2 U11 Boys TASL","Lake Taylor Soccer Complex Field 11","U11","Boys"
"Beach FC Scorpions U11 Boys TASL","CSL Famous Strikers U11 Boys TASL","Hampton Roads Soccer Complex Field 13A","U11","Boys"
"Beach FC Ninjas U11 Boys TASL","Beach FC Dragons U11 Boys TASL","Lake Taylor Soccer Complex Field 10","U11","Boys"
"Beach FC Strikers 2 U11 Boys TASL","Beach FC Dragons U11 Boys TASL","Hampton Roads Soccer Complex Field 13B","U11","Boys"
"TSA Rovers FC U11 Boys TASL","Beach FC Ninjas U11 Boys TASL","Wahrill Soccer Complex Field 2","U11","Boys"
"Beach FC Scorpions U11 Boys TASL","TSA Rovers FC U11 Boys TASL","Hampton Roads Soccer Complex Field 13B","U11","Boys"
"Beach FC Dragons U11 Boys TASL","TSA Rovers FC U11 Boys TASL","Hampton Roads Soccer Complex Field 13B","U11","Boys"
"CSL Famous Strikers U11 Boys TASL","Beach FC Ninjas U11 Boys TASL","Churchland Park Field  1","U11","Boys"
"TSA Rovers FC U11 Boys TASL","CSL Famous Strikers U11 Boys TASL","Wahrill Soccer Complex Field 2","U11","Boys"
"CUSC Panthers U11 Boys TASL","Beach FC Dragons U11 Boys TASL","Centerville Complex Field 9","U11","Boys"
"Beach FC Scorpions U11 Boys TASL","CUSC Panthers U11 Boys TASL","Hampton Roads Soccer Complex Field 13B","U11","Boys"
"CSL Famous Strikers U11 Boys TASL","Beach FC Dragons U11 Boys TASL","Churchland Park Field  1","U11","Boys"
"CSL Famous Strikers U11 Boys TASL","Beach FC Strikers U11 Boys TASL","Churchland Park Field  1","U11","Boys"
"Beach FC Dragons U11 Boys TASL","Suffolk Arsenal U11 Boys TASL","Lake Taylor Soccer Complex Field 10","U11","Boys"
"Suffolk Arsenal U11 Boys TASL","CSL Famous Strikers U11 Boys TASL","SYAA field 5","U11","Boys"
"TSA Rovers FC U11 Boys TASL","Beach FC Strikers U11 Boys TASL","Wahrill Soccer Complex Field 2","U11","Boys"
"Beach FC Ninjas U11 Boys TASL","TSA Rovers FC U11 Boys TASL","Hampton Roads Soccer Complex Field 13A","U11","Boys"
"CUSC Panthers U11 Boys TASL","Suffolk Arsenal U11 Boys TASL","Centerville Complex Field 9","U11","Boys"
"CUSC Blues U12 Boys TASL","Beach FC Coastal Kickers U12 Boys TASL","Centerville Complex Field 9","U12","Boys"
"CUSC Blues U12 Boys TASL","Beach FC Sonics U12 Boys TASL","Centerville Complex Field 9","U12","Boys"
"Beach FC Coastal Kickers U12 Boys TASL","Beach FC Ghent Racers U12 Boys TASL","Hampton Roads Soccer Complex Field 13C","U12","Boys"
"Beach FC Ghent Racers U12 Boys TASL","CUSC Blues U12 Boys TASL","Hampton Roads Soccer Complex Field 13C","U12","Boys"
"Beach FC Coastal Kickers U12 Boys TASL","Beach FC Sting U12 Boys TASL","Hampton Roads Soccer Complex Field 13B","U12","Boys"
"Beach FC Sonics U12 Boys TASL","Beach FC Coastal Kickers U12 Boys TASL","Hampton Roads Soccer Complex Field 13B","U12","Boys"
"Beach FC Ghent Racers U12 Boys TASL","CUSC Blues U12 Boys TASL","Lake Taylor Soccer Complex Field 10","U12","Boys"
"Beach FC Strikers U12 Boys TASL","Beach FC Sonics U12 Boys TASL","Hampton Roads Soccer Complex Field 13C","U12","Boys"
"Beach FC Coastal Kickers U12 Boys TASL","Beach FC Sonics U12 Boys TASL","Hampton Roads Soccer Complex Field 13C","U12","Boys"
"Beach FC Coastal Kickers U12 Boys TASL","Beach FC Strikers U12 Boys TASL","Hampton Roads Soccer Complex Field 13C","U12","Boys"
"CUSC Blues U12 Boys TASL","Beach FC Sonics U12 Boys TASL","Centerville Complex Field 9","U12","Boys"
"Beach FC Ghent Racers U12 Boys TASL","Beach FC Sonics U12 Boys TASL","Lake Taylor Soccer Complex Field 10","U12","Boys"
"Beach FC Strikers U12 Boys TASL","CUSC Blues U12 Boys TASL","Lake Taylor Soccer Complex Field 10","U12","Boys"
"Beach FC Strikers U12 Boys TASL","Beach FC Ghent Racers U12 Boys TASL","Lake Taylor Soccer Complex Field 10","U12","Boys"
"Beach FC Sonics U12 Boys TASL","Beach FC Sting U12 Boys TASL","Hampton Roads Soccer Complex Field 13A","U12","Boys"
"Beach FC Sting U12 Boys TASL","Beach FC Ghent Racers U12 Boys TASL","Hampton Roads Soccer Complex Field 13B","U12","Boys"
"Beach FC Sonics U12 Boys TASL","Beach FC Sting U12 Boys TASL","Hampton Roads Soccer Complex Field 13C","U12","Boys"
"Beach FC Strikers U12 Boys TASL","Beach FC Ghent Racers U12 Boys TASL","Hampton Roads Soccer Complex Field 13C","U12","Boys"
"Beach FC Strikers U12 Boys TASL","Beach FC Sting U12 Boys TASL","Lake Taylor Soccer Complex Field 10","U12","Boys"
"CUSC Blues U12 Boys TASL","Beach FC Sting U12 Boys TASL","Centerville Complex Field 9","U12","Boys"
"Beach FC Ghent Racers U12 Boys TASL","Beach FC Sting U12 Boys TASL","Lake Taylor Soccer Complex Field 10","U12","Boys"
"Beach FC Sting U12 Boys TASL","Beach FC Strikers U12 Boys TASL","Hampton Roads Soccer Complex Field 13C","U12","Boys"
"Beach FC Sting U12 Boys TASL","Beach FC Coastal Kickers U12 Boys TASL","Hampton Roads Soccer Complex Field 13B","U12","Boys"
"CUSC Blues U12 Boys TASL","Beach FC Coastal Kickers U12 Boys TASL","Centerville Complex Field 9","U12","Boys"
"CSL Orangemen U12 Boys TASL","Beach FC Dragons U12 Boys TASL","Churchland Park Field  1","U12","Boys"
"Va Legacy WMBG Titans U12 Boys TASL","Beach FC Raptors U12 Boys TASL","Warhill Soccer Complex Field 4","U12","Boys"
"Va Legacy PEN Titans U12 Boys TASL","Beach FC Dragons U12 Boys TASL","Churchland Park Field  1","U12","Boys"
"Beach FC Raptors U12 Boys TASL","Beach FC Strikers U12 Boys TASL","Hampton Roads Soccer Complex Field 13C","U12","Boys"
"CSL Orangemen U12 Boys TASL","Beach FC Raptors U12 Boys TASL","Churchland Park Field  1","U12","Boys"
"Va Legacy WMBG Titans U12 Boys TASL","Va Legacy PEN Titans U12 Boys TASL","Warhill Soccer Complex Field 4","U12","Boys"
"Beach FC Dragons U12 Boys TASL","Beach FC Raptors U12 Boys TASL","Hampton Roads Soccer Complex Field 13B","U12","Boys"
"Va Legacy PEN Titans U12 Boys TASL","CSL Orangemen U12 Boys TASL","Warhill Soccer Complex Field 4","U12","Boys"
"Beach FC Raptors U12 Boys TASL","Va Legacy PEN Titans U12 Boys TASL","Hampton Roads Soccer Complex Field 13C","U12","Boys"
"Va Legacy WMBG Titans U12 Boys TASL","Beach FC Dragons U12 Boys TASL","Warhill Soccer Complex Field 4","U12","Boys"
"Beach FC Raptors U12 Boys TASL","Va Legacy WMBG Titans U12 Boys TASL","Hampton Roads Soccer Complex Field 13B","U12","Boys"
"Va Legacy PEN Titans U12 Boys TASL","Beach FC Bull Sharks U12 Boys TASL","Warhill Soccer Complex Field 4","U12","Boys"
"Beach FC Raptors U12 Boys TASL","Beach FC Bull Sharks U12 Boys TASL","Hampton Roads Soccer Complex Field 13B","U12","Boys"
"Va Legacy WMBG Titans U12 Boys TASL","CSL Orangemen U12 Boys TASL","Hampton Roads Soccer Complex Field 13C","U12","Boys"
"Beach FC Bull Sharks U12 Boys TASL","Beach FC Dragons U12 Boys TASL","Hampton Roads Soccer Complex Field 13A","U12","Boys"
"Beach FC Raptors U12 Boys TASL","CSL Orangemen U12 Boys TASL","Hampton Roads Soccer Complex Field 13A","U12","Boys"
"Va Legacy PEN Titans U12 Boys TASL","Beach FC Strikers U12 Boys TASL","Warhill Soccer Complex Field 4","U12","Boys"
"CSL Orangemen U12 Boys TASL","Va Legacy WMBG Titans U12 Boys TASL","Churchland Park Field  1","U12","Boys"
"Beach FC Dragons U12 Boys TASL","Beach FC Bull Sharks U12 Boys TASL","Hampton Roads Soccer Complex Field 13C","U12","Boys"
"Beach FC Bull Sharks U12 Boys TASL","Va Legacy WMBG Titans U12 Boys TASL","Lake Taylor Soccer Complex Field 10","U12","Boys"
"Beach FC Bull Sharks U12 Boys TASL","CSL Orangemen U12 Boys TASL","Hampton Roads Soccer Complex Field 13C","U12","Boys"
"CSL Orangemen U12 Boys TASL","Beach FC Dragons U12 Boys TASL","Churchland Park Field  1","U12","Boys"
"Beach FC Dragons U12 Boys TASL","Va Legacy PEN Titans U12 Boys TASL","Hampton Roads Soccer Complex Field 13C","U12","Boys"
"Va Legacy PEN Titans U12 Boys TASL","Va Legacy WMBG Titans U12 Boys TASL","Warhill Soccer Complex Field 4","U12","Boys"
"Portsmouth Commodores U12 Boys TASL","Beach FC Bull Sharks U12 Boys TASL","John Tyler Complex Field 2","U12","Boys"
"Beach FC Titans U12 Boys TASL","WBSC Fusion U12 Boys TASL","Hampton Roads Soccer Complex Field 13B","U12","Boys"
"Portsmouth Commodores U12 Boys TASL","WBSC Xtreme U12 Boys TASL","John Tyler Complex Field 2","U12","Boys"
"WBSC Fusion U12 Boys TASL","Beach FC Bull Sharks U12 Boys TASL","Joliff Middle School Field 2","U12","Boys"
"Portsmouth Commodores U12 Boys TASL","CSC Mutiny U12 Boys TASL","John Tyler Complex Field 2","U12","Boys"
"WBSC Xtreme U12 Boys TASL","WBSC Fusion U12 Boys TASL","Joliff Middle School Field 2","U12","Boys"
"CSC Mutiny U12 Boys TASL","WBSC Fusion U12 Boys TASL","Centerville Complex Field 7A","U12","Boys"
"WBSC Xtreme U12 Boys TASL","CSC Mutiny U12 Boys TASL","Joliff Middle School Field 2","U12","Boys"
"WBSC Fusion U12 Boys TASL","Portsmouth Commodores U12 Boys TASL","Joliff Middle School Field 2","U12","Boys"
"CSC Mutiny U12 Boys TASL","WBSC Fusion U12 Boys TASL","Centerville Complex Field 7A","U12","Boys"
"WBSC Fusion U12 Boys TASL","Beach FC Titans U12 Boys TASL","Joliff Middle School Field 2","U12","Boys"
"WBSC Fusion U12 Boys TASL","WBSC Xtreme U12 Boys TASL","Joliff Middle School Field 2","U12","Boys"
"WBSC Xtreme U12 Boys TASL","CSC Mutiny U12 Boys TASL","Joliff Middle School Field 2","U12","Boys"
"CSC Mutiny U12 Boys TASL","Beach FC Titans U12 Boys TASL","Centerville Complex Field 7A","U12","Boys"
"WBSC Xtreme U12 Boys TASL","Beach FC Titans U12 Boys TASL","Joliff Middle School Field 2","U12","Boys"
"Beach FC Titans U12 Boys TASL","Portsmouth Commodores U12 Boys TASL","Hampton Roads Soccer Complex Field 13C","U12","Boys"
"Portsmouth Commodores U12 Boys TASL","WBSC Xtreme U12 Boys TASL","John Tyler Complex Field 2","U12","Boys"
"Beach FC Titans U12 Boys TASL","Portsmouth Commodores U12 Boys TASL","Hampton Roads Soccer Complex Field 13C","U12","Boys"
"Beach FC Titans U12 Boys TASL","WBSC Xtreme U12 Boys TASL","Hampton Roads Soccer Complex Field 13C","U12","Boys"
"CSC Mutiny U12 Boys TASL","Portsmouth Commodores U12 Boys TASL","Centerville Complex Field 7A","U12","Boys"
"Beach FC Titans U12 Boys TASL","CSC Mutiny U12 Boys TASL","Lake Taylor Soccer Complex Field 10","U12","Boys"
"Beach FC Lions U13 Boys TASL","Beach FC Fusion U13 Boys TASL","Hampton Roads Soccer Complex Field 11","U13","Boys"
"Beach FC Stingrays U13 Boys TASL","WBSC Spartans U13 Boys TASL","Hampton Roads Soccer Complex Field 11","U13","Boys"
"WBSC Spartans U13 Boys TASL","CSL Stingrays U13 Boys TASL","Joliff Middle School Field 1","U13","Boys"
"Beach FC Sharks U13 Boys TASL","Beach FC Fusion U13 Boys TASL","Hampton Roads Soccer Complex Field 11","U13","Boys"
"Beach FC Stingrays U13 Boys TASL","Beach FC Sharks U13 Boys TASL","Hampton Roads Soccer Complex Field 11","U13","Boys"
"Beach FC Fusion U13 Boys TASL","CSL Stingrays U13 Boys TASL","Hampton Roads Soccer Complex Field 11","U13","Boys"
"CSL Stingrays U13 Boys TASL","Beach FC Stingrays U13 Boys TASL","Churchland Park Field  3","U13","Boys"
"Beach FC Sharks U13 Boys TASL","Beach FC Lions U13 Boys TASL","Hampton Roads Soccer Complex Field 11","U13","Boys"
"Beach FC Stingrays U13 Boys TASL","Beach FC Fusion U13 Boys TASL","Hampton Roads Soccer Complex Field 11","U13","Boys"
"CSL Stingrays U13 Boys TASL","Beach FC Lions U13 Boys TASL","Churchland Park Field  3","U13","Boys"
"Beach FC Lions U13 Boys TASL","Beach FC Fusion U13 Boys TASL","Hampton Roads Soccer Complex Field 11","U13","Boys"
"WBSC Spartans U13 Boys TASL","Beach FC Stingrays U13 Boys TASL","Joliff Middle School Field 1","U13","Boys"
"CSL Stingrays U13 Boys TASL","WBSC Spartans U13 Boys TASL","Churchland Park Field  3","U13","Boys"
"Beach FC Stingrays U13 Boys TASL","Beach FC Lions U13 Boys TASL","Hampton Roads Soccer Complex Field 11","U13","Boys"
"Beach FC Sharks U13 Boys TASL","Beach FC Stingrays U13 Boys TASL","Hampton Roads Soccer Complex Field 11","U13","Boys"
"WBSC Spartans U13 Boys TASL","Beach FC Lions U13 Boys TASL","Joliff Middle School Field 1","U13","Boys"
"CSL Stingrays U13 Boys TASL","Beach FC Sharks U13 Boys TASL","Churchland Park Field  3","U13","Boys"
"Beach FC Lions U13 Boys TASL","Beach FC Stingrays U13 Boys TASL","Hampton Roads Soccer Complex Field 11","U13","Boys"
"Beach FC Lions U13 Boys TASL","WBSC Spartans U13 Boys TASL","Hampton Roads Soccer Complex Field 11","U13","Boys"
"Beach FC Fusion U13 Boys TASL","WBSC Spartans U13 Boys TASL","Hampton Roads Soccer Complex Field 11","U13","Boys"
"WBSC Spartans U13 Boys TASL","Beach FC Sharks U13 Boys TASL","Joliff Middle School Field 1","U13","Boys"
"Beach FC Sharks U13 Boys TASL","CSL Stingrays U13 Boys TASL","Hampton Roads Soccer Complex Field 11","U13","Boys"
"Beach FC Fusion U13 Boys TASL","Beach FC Sharks U13 Boys TASL","Hampton Roads Soccer Complex Field 11","U13","Boys"
"Beach FC Fusion U13 Boys TASL","CSL Stingrays U13 Boys TASL","Hampton Roads Soccer Complex Field 11","U13","Boys"
"Suffolk Knights U13 Boys TASL","Beach FC Norfolk Raptors U13 Boys TASL","SYAA Field 4","U13","Boys"
"Beach FC Avalanche U13 Boys TASL","AYSO Arsenal U13 Boys TASL","Hampton Roads Soccer Complex Field 11","U13","Boys"
"Beach FC St Greg Saints U13 Boys TASL","CSC Freedom U13 Boys TASL","Hampton Roads Soccer Complex Field 11","U13","Boys"
"Suffolk Knights U13 Boys TASL","Beach FC Matrix U13 Boys TASL","SYAA Field 4","U13","Boys"
"CSC Freedom U13 Boys TASL","Beach FC Norfolk Raptors U13 Boys TASL","Centerville Complex Field 6","U13","Boys"
"Carolina Red Wolves U13 Boys TASL","TSA Rovers U13 Boys TASL","Albemarle School Field 2","U13","Boys"
"CSC Freedom U13 Boys TASL","Beach FC Avalanche U13 Boys TASL","Centerville Complex Field 6","U13","Boys"
"Beach FC Matrix U13 Boys TASL","Beach FC Norfolk Raptors U13 Boys TASL","Hampton Roads Soccer Complex Field 11","U13","Boys"
"Beach FC Flames U13 Boys TASL","AYSO Arsenal U13 Boys TASL","Hampton Roads Soccer Complex Field 11","U13","Boys"
"Beach FC St Greg Saints U13 Boys TASL","Beach FC Flames U13 Boys TASL","Hampton Roads Soccer Complex Field 11","U13","Boys"
"AYSO Arsenal U13 Boys TASL","CSC Freedom U13 Boys TASL","AYSO Cornland Park Field 1","U13","Boys"
"TSA Rovers U13 Boys TASL","Beach FC Matrix U13 Boys TASL","Warhill Soccer Complex 6","U13","Boys"
"TSA Rovers U13 Boys TASL","Beach FC Norfolk Raptors U13 Boys TASL","Warhill Soccer Complex 6","U13","Boys"
"AYSO Arsenal U13 Boys TASL","Carolina Red Wolves U13 Boys TASL","AYSO Cornland Park Field 1","U13","Boys"
"Beach FC St Greg Saints U13 Boys TASL","Suffolk Knights U13 Boys TASL","Hampton Roads Soccer Complex Field 11","U13","Boys"
"Beach FC St Greg Saints U13 Boys TASL","Beach FC Matrix U13 Boys TASL","Hampton Roads Soccer Complex Field 11","U13","Boys"
"Carolina Red Wolves U13 Boys TASL","Beach FC Flames U13 Boys TASL","Albemarle School Field 2","U13","Boys"
"Beach FC Norfolk Raptors U13 Boys TASL","AYSO Arsenal U13 Boys TASL","Lake Taylor Soccer Complex Field 15","U13","Boys"
"Beach FC Flames U13 Boys TASL","Beach FC Matrix U13 Boys TASL","Hampton Roads Soccer Complex Field 11","U13","Boys"
"Suffolk Knights U13 Boys TASL","AYSO Arsenal U13 Boys TASL","SYAA Field 4","U13","Boys"
"Beach FC Norfolk Raptors U13 Boys TASL","Beach FC Avalanche U13 Boys TASL","Lake Taylor Soccer Complex Field 14","U13","Boys"
"Beach FC Avalanche U13 Boys TASL","Beach FC St Greg Saints U13 Boys TASL","Hampton Roads Soccer Complex Field 11","U13","Boys"
"Beach FC Matrix U13 Boys TASL","CSC Freedom U13 Boys TASL","Hampton Roads Soccer Complex Field 11","U13","Boys"
"Carolina Red Wolves U13 Boys TASL","Suffolk Knights U13 Boys TASL","Albemarle School Field 2","U13","Boys"
"TSA Rovers U13 Boys TASL","Beach FC Flames U13 Boys TASL","Warhill Soccer Complex 6","U13","Boys"
"Beach FC Matrix U13 Boys TASL","Carolina Red Wolves U13 Boys TASL","Hampton Roads Soccer Complex Field 11","U13","Boys"
"AYSO Arsenal U13 Boys TASL","Beach FC St Greg Saints U13 Boys TASL","AYSO Cornland Park Field 2","U13","Boys"
"Beach FC Flames U13 Boys TASL","Beach FC Avalanche U13 Boys TASL","Hampton Roads Soccer Complex Field 11","U13","Boys"
"Carolina Red Wolves U13 Boys TASL","Beach FC St Greg Saints U13 Boys TASL","Albemarle School Field 2","U13","Boys"
"Suffolk Knights U13 Boys TASL","TSA Rovers U13 Boys TASL","SYAA Field 4","U13","Boys"
"Beach FC Avalanche U13 Boys TASL","Suffolk Knights U13 Boys TASL","Hampton Roads Soccer Complex Field 11","U13","Boys"
"Beach FC Norfolk Raptors U13 Boys TASL","Carolina Red Wolves U13 Boys TASL","Lake Taylor Soccer Complex Field 14","U13","Boys"
"Beach FC Flames U13 Boys TASL","CSC Freedom U13 Boys TASL","Hampton Roads Soccer Complex Field 11","U13","Boys"
"Beach FC Matrix U13 Boys TASL","Beach FC Avalanche U13 Boys TASL","Hampton Roads Soccer Complex Field 11","U13","Boys"
"Beach FC Avalanche U13 Boys TASL","TSA Rovers U13 Boys TASL","Hampton Roads Soccer Complex Field 11","U13","Boys"
"CSC Freedom U13 Boys TASL","Suffolk Knights U13 Boys TASL","Centerville Complex Field 6","U13","Boys"
"CSC Freedom U13 Boys TASL","Carolina Red Wolves U13 Boys TASL","Centerville Complex Field 6","U13","Boys"
"TSA Rovers U13 Boys TASL","Beach FC St Greg Saints U13 Boys TASL","Warhill Soccer Complex 6","U13","Boys"
"AYSO Arsenal U13 Boys TASL","TSA Rovers U13 Boys TASL","AYSO Cornland Park Field 1","U13","Boys"
"Beach FC Norfolk Raptors U13 Boys TASL","Beach FC Flames U13 Boys TASL","Lake Taylor Soccer Complex Field 14","U13","Boys"
"CSL Hurricanes U14 Boys TASL","Beach FC VA Rovers FC U14 Boys TASL","Churchland Park Field  3","U14","Boys"
"Beach FC Dynamo U14 Boys TASL","Beach FC VA Rovers FC U14 Boys TASL","Hampton Roads Soccer Complex Field 16","U14","Boys"
"CSL Hurricanes U14 Boys TASL","Beach FC Chelsea U14 Boys TASL","Churchland Park Field  3","U14","Boys"
"CSL Hurricanes U14 Boys TASL","Beach FC Strikers U14 Boys TASL","Churchland Park Field  3","U14","Boys"
"Beach FC Dynamo U14 Boys TASL","Beach FC Strikers U14 Boys TASL","Hampton Roads Soccer Complex Field 16","U14","Boys"
"Beach FC Strikers U14 Boys TASL","Beach FC Chelsea U14 Boys TASL","Hampton Roads Soccer Complex Field 16","U14","Boys"
"Beach FC Chelsea U14 Boys TASL","Beach FC Strikers U14 Boys TASL","Hampton Roads Soccer Complex Field 15","U14","Boys"
"CSL Hurricanes U14 Boys TASL","Beach FC VA Rovers FC U14 Boys TASL","Churchland Park Field  3","U14","Boys"
"Beach FC Strikers U14 Boys TASL","CSL Hurricanes U14 Boys TASL","Hampton Roads Soccer Complex 6","U14","Boys"
"CSL Hurricanes U14 Boys TASL","Beach FC Chelsea U14 Boys TASL","Churchland Park Field  3","U14","Boys"
"Beach FC Strikers U14 Boys TASL","Beach FC Dynamo U14 Boys TASL","Lake Taylor Soccer Complex Field 15","U14","Boys"
"Beach FC Dynamo U14 Boys TASL","CSL Hurricanes U14 Boys TASL","Lake Taylor Soccer Complex Field 15","U14","Boys"
"Beach FC Chelsea U14 Boys TASL","Beach FC Dynamo U14 Boys TASL","Hampton Roads Soccer Complex Field 19","U14","Boys"
"Beach FC Strikers U14 Boys TASL","Beach FC VA Rovers FC U14 Boys TASL","Hampton Roads Soccer Complex Field 16","U14","Boys"
"Beach FC Chelsea U14 Boys TASL","Beach FC VA Rovers FC U14 Boys TASL","Hampton Roads Soccer Complex Field 16","U14","Boys"
"CSL Hurricanes U14 Boys TASL","Beach FC Dynamo U14 Boys TASL","Churchland Park Field  3","U14","Boys"
"Beach FC VA Rovers FC U14 Boys TASL","Beach FC Dynamo U14 Boys TASL","Hampton Roads Soccer Complex Field 15","U14","Boys"
"Beach FC Dynamo U14 Boys TASL","Beach FC Chelsea U14 Boys TASL","Hampton Roads Soccer Complex Field 19","U14","Boys"
"Beach FC VA Rovers FC U14 Boys TASL","Beach FC Strikers U14 Boys TASL","Hampton Roads Soccer Complex Field 14","U14","Boys"
"Beach FC VA Rovers FC U14 Boys TASL","Beach FC Chelsea U14 Boys TASL","Lake Taylor Soccer Complex Field 15","U14","Boys"
"Franklin Fire SC Fire U14 Boys TASL","Beach FC Cannon U14 Boys TASL","Franklin Soccer Field 1","U14","Boys"
"CSL Tornadoes U14 Boys TASL","Beach FC Galaxy U14 Boys TASL","Churchland Park Field  3","U14","Boys"
"Beach FC Fusion U14 Boys TASL","Beach FC Cannon U14 Boys TASL","Hampton Roads Soccer Complex Field 16","U14","Boys"
"CSL Tornadoes U14 Boys TASL","Beach FC Fusion U14 Boys TASL","Churchland Park Field  3","U14","Boys"
"Portsmouth Menace FC U14 Boys TASL","Beach FC Cannon U14 Boys TASL","John Tyler Complex Field 1","U14","Boys"
"Portsmouth Menace FC U14 Boys TASL","CSL Tornadoes U14 Boys TASL","John Tyler Complex Field 1","U14","Boys"
"Beach FC Fusion U14 Boys TASL","Franklin Fire SC Fire U14 Boys TASL","Hampton Roads Soccer Complex Field 16","U14","Boys"
"Franklin Fire SC Fire U14 Boys TASL","CSL Tornadoes U14 Boys TASL","Franklin Soccer Field 1","U14","Boys"
"Portsmouth Menace FC U14 Boys TASL","Franklin Fire SC Fire U14 Boys TASL","John Tyler Complex Field 1","U14","Boys"
"Beach FC Galaxy U14 Boys TASL","CSL Tornadoes U14 Boys TASL","Lake Taylor Soccer Complex Field 15","U14","Boys"
"Beach FC Cannon U14 Boys TASL","Franklin Fire SC Fire U14 Boys TASL","Lake Taylor Soccer Complex Field 15","U14","Boys"
"CSL Tornadoes U14 Boys TASL","Beach FC Cannon U14 Boys TASL","Hampton Roads Soccer Complex 6","U14","Boys"
"Franklin Fire SC Fire U14 Boys TASL","Beach FC Galaxy U14 Boys TASL","Franklin Soccer Field 1","U14","Boys"
"Beach FC Fusion U14 Boys TASL","CSL Tornadoes U14 Boys TASL","Hampton Roads Soccer Complex Field 14","U14","Boys"
"Beach FC Cannon U14 Boys TASL","Beach FC Fusion U14 Boys TASL","Hampton Roads Soccer Complex  9","U14","Boys"
"CSL Tornadoes U14 Boys TASL","Franklin Fire SC Fire U14 Boys TASL","Churchland Park Field  3","U14","Boys"
"Portsmouth Menace FC U14 Boys TASL","Beach FC Fusion U14 Boys TASL","John Tyler Complex Field 1","U14","Boys"
"Beach FC Galaxy U14 Boys TASL","Portsmouth Menace FC U14 Boys TASL","Hampton Roads Soccer Complex Field 16","U14","Boys"
"Beach FC Galaxy U14 Boys TASL","Franklin Fire SC Fire U14 Boys TASL","Hampton Roads Soccer Complex Field 16","U14","Boys"
"Beach FC Cannon U14 Boys TASL","Beach FC Galaxy U14 Boys TASL","Hampton Roads Soccer Complex Field 16","U14","Boys"
"Beach FC Galaxy U14 Boys TASL","Beach FC Fusion U14 Boys TASL","Hampton Roads Soccer Complex Field 16","U14","Boys"
"Beach FC Fusion U14 Boys TASL","Portsmouth Menace FC U14 Boys TASL","Lake Taylor Soccer Complex Field 15","U14","Boys"
"Beach FC Cannon U14 Boys TASL","Portsmouth Menace FC U14 Boys TASL","Hampton Roads Soccer Complex Field 14","U14","Boys"
"Portsmouth Menace FC U14 Boys TASL","Beach FC Galaxy U14 Boys TASL","John Tyler Complex Field 1","U14","Boys"
"Beach FC Strikers U15 Boys TASL","Beach FC Hornets U15 Boys TASL","Hampton Roads Soccer Complex Field 15","U15","Boys"
"Beach FC Warriors United U15 Boys TASL","CSL Storm U15 Boys TASL","Hampton Roads Soccer Complex Field 15","U15","Boys"
"Beach FC Warriors United U15 Boys TASL","Beach FC Hornets U15 Boys TASL","Hampton Roads Soccer Complex Field 15","U15","Boys"
"Beach FC Destroyers U15 Boys TASL","CSL Storm U15 Boys TASL","Hampton Roads Soccer Complex Field 15","U15","Boys"
"Beach FC Hornets U15 Boys TASL","Beach FC Black Mambas U15 Boys TASL","Hampton Roads Soccer Complex Field 15","U15","Boys"
"CSL Storm U15 Boys TASL","Beach FC Strikers U15 Boys TASL","Churchland Park Field 11","U15","Boys"
"Beach FC Hornets U15 Boys TASL","Beach FC Destroyers U15 Boys TASL","Hampton Roads Soccer Complex Field 14","U15","Boys"
"Beach FC Strikers U15 Boys TASL","Beach FC Warriors United U15 Boys TASL","Hampton Roads Soccer Complex Field 14","U15","Boys"
"Beach FC Strikers U15 Boys TASL","Beach FC Destroyers U15 Boys TASL","Hampton Roads Soccer Complex Field 15","U15","Boys"
"Beach FC Warriors United U15 Boys TASL","Beach FC Black Mambas U15 Boys TASL","Hampton Roads Soccer Complex Field 15","U15","Boys"
"CSL Storm U15 Boys TASL","Beach FC Warriors United U15 Boys TASL","Churchland Park Field 11","U15","Boys"
"Beach FC Hornets U15 Boys TASL","Beach FC Strikers U15 Boys TASL","Hampton Roads Soccer Complex Field 15","U15","Boys"
"Beach FC Black Mambas U15 Boys TASL","Beach FC Hornets U15 Boys TASL","Hampton Roads Soccer Complex Field 15","U15","Boys"
"Beach FC Warriors United U15 Boys TASL","Beach FC Destroyers U15 Boys TASL","Hampton Roads Soccer Complex Field 15","U15","Boys"
"Beach FC Black Mambas U15 Boys TASL","Beach FC Strikers U15 Boys TASL","Hampton Roads Soccer Complex  9","U15","Boys"
"CSL Storm U15 Boys TASL","Beach FC Destroyers U15 Boys TASL","Churchland Park Field 11","U15","Boys"
"Beach FC Destroyers U15 Boys TASL","Beach FC Black Mambas U15 Boys TASL","Hampton Roads Soccer Complex Field 15","U15","Boys"
"Beach FC Black Mambas U15 Boys TASL","Beach FC Strikers U15 Boys TASL","Hampton Roads Soccer Complex Field 15","U15","Boys"
"Beach FC Destroyers U15 Boys TASL","Beach FC Warriors United U15 Boys TASL","Hampton Roads Soccer Complex Field 15","U15","Boys"
"CSL Storm U15 Boys TASL","Beach FC Black Mambas U15 Boys TASL","Churchland Park Field 11","U15","Boys"
"CSL Storm U15 Boys TASL","Beach FC Hornets U15 Boys TASL","Churchland Park Field 11","U15","Boys"
"Beach FC Destroyers U15 Boys TASL","Beach FC Black Mambas U15 Boys TASL","Hampton Roads Soccer Complex Field 15","U15","Boys"
"Beach FC Strikers U15 Boys TASL","CSL Storm U15 Boys TASL","Hampton Roads Soccer Complex Field 15","U15","Boys"
"Beach FC Hornets U15 Boys TASL","Beach FC Warriors United U15 Boys TASL","Hampton Roads Soccer Complex  9","U15","Boys"
"TSA Rovers FC U15 Boys TASL","CUSC Sharks U15 Boys TASL","Warhill Soccer Complex 6","U15","Boys"
"Beach FC Panthers U15 Boys TASL","WBSC Sizzlers U15 Boys TASL","Hampton Roads Soccer Complex Field 14","U15","Boys"
"CSC Griffins U15 Boys TASL","CUSC Sharks U15 Boys TASL","Centerville Complex Field 6","U15","Boys"
"Beach FC Panthers U15 Boys TASL","CUSC Sharks U15 Boys TASL","Hampton Roads Soccer Complex Field 15","U15","Boys"
"Beach FC Arsenal U15 Boys TASL","TSA Rovers FC U15 Boys TASL","Hampton Roads Soccer Complex Field 15","U15","Boys"
"CSC Griffins U15 Boys TASL","Beach FC Norfolk United U15 Boys TASL","Centerville Complex Field 6","U15","Boys"
"WBSC Sizzlers U15 Boys TASL","TSA Rovers FC U15 Boys TASL","Joliff Middle School Field 1","U15","Boys"
"Beach FC Panthers U15 Boys TASL","Beach FC Arsenal U15 Boys TASL","Hampton Roads Soccer Complex Field 11","U15","Boys"
"CUSC Sharks U15 Boys TASL","WBSC Sizzlers U15 Boys TASL","Centerville 10","U15","Boys"
"Carolina Explosions U15 Boys TASL","Beach FC Norfolk United U15 Boys TASL","Albemarle School Field 2","U15","Boys"
"Carolina Explosions U15 Boys TASL","Beach FC Panthers U15 Boys TASL","Albemarle School Field 2","U15","Boys"
"CUSC Sharks U15 Boys TASL","Smithfield Hotshots U15 Boys TASL","Centerville 10","U15","Boys"
"Beach FC Norfolk United U15 Boys TASL","Beach FC Panthers U15 Boys TASL","Lake Taylor Soccer Complex Field 14","U15","Boys"
"TSA Rovers FC U15 Boys TASL","Carolina Explosions U15 Boys TASL","Warhill Soccer Complex 6","U15","Boys"
"Beach FC Norfolk United U15 Boys TASL","Beach FC Arsenal U15 Boys TASL","Lake Taylor Soccer Complex Field 15","U15","Boys"
"Beach FC Panthers U15 Boys TASL","CSC Griffins U15 Boys TASL","Hampton Roads Soccer Complex Field 15","U15","Boys"
"Smithfield Hotshots U15 Boys TASL","WBSC Sizzlers U15 Boys TASL","Carrollton Nike Park 3","U15","Boys"
"CSC Griffins U15 Boys TASL","Beach FC Arsenal U15 Boys TASL","Centerville Complex Field 6","U15","Boys"
"TSA Rovers FC U15 Boys TASL","Beach FC Panthers U15 Boys TASL","Warhill Soccer Complex 6","U15","Boys"
"TSA Rovers FC U15 Boys TASL","Smithfield Hotshots U15 Boys TASL","Warhill Soccer Complex 6","U15","Boys"
"Beach FC Arsenal U15 Boys TASL","Carolina Explosions U15 Boys TASL","Hampton Roads Soccer Complex Field 15","U15","Boys"
"Smithfield Hotshots U15 Boys TASL","CSC Griffins U15 Boys TASL","Carrollton Nike Park 3","U15","Boys"
"WBSC Sizzlers U15 Boys TASL","Beach FC Norfolk United U15 Boys TASL","Joliff Middle School Field 1","U15","Boys"
"Carolina Explosions U15 Boys TASL","Smithfield Hotshots U15 Boys TASL","Albemarle School Field 2","U15","Boys"
"Beach FC Arsenal U15 Boys TASL","CUSC Sharks U15 Boys TASL","Hampton Roads Soccer Complex Field 15","U15","Boys"
"Smithfield Hotshots U15 Boys TASL","Beach FC Panthers U15 Boys TASL","Carrollton Nike Park 3","U15","Boys"
"Beach FC Norfolk United U15 Boys TASL","Smithfield Hotshots U15 Boys TASL","Lake Taylor Soccer Complex Field 14","U15","Boys"
"Carolina Explosions U15 Boys TASL","CSC Griffins U15 Boys TASL","Albemarle School Field 2","U15","Boys"
"Beach FC Arsenal U15 Boys TASL","WBSC Sizzlers U15 Boys TASL","Hampton Roads Soccer Complex Field 14","U15","Boys"
"CSC Griffins U15 Boys TASL","TSA Rovers FC U15 Boys TASL","Centerville Complex Field 6","U15","Boys"
"WBSC Sizzlers U15 Boys TASL","CSC Griffins U15 Boys TASL","Joliff Middle School Field 1","U15","Boys"
"Smithfield Hotshots U15 Boys TASL","Beach FC Arsenal U15 Boys TASL","Carrollton Nike Park 3","U15","Boys"
"CUSC Sharks U15 Boys TASL","Carolina Explosions U15 Boys TASL","Centerville 10","U15","Boys"
"Beach FC Norfolk United U15 Boys TASL","TSA Rovers FC U15 Boys TASL","Lake Taylor Soccer Complex Field 15","U15","Boys"
"CUSC Sharks U15 Boys TASL","Beach FC Norfolk United U15 Boys TASL","Centerville 10","U15","Boys"
"WBSC Sizzlers U15 Boys TASL","Carolina Explosions U15 Boys TASL","Joliff Middle School Field 1","U15","Boys"
"Franklin Fire SC Fire U16 Boys TASL","Suffolk Revolution U16 Boys TASL","Franklin Soccer Field 1","U16","Boys"
"Franklin Fire SC Fire U16 Boys TASL","Beach FC Team United U16 Boys TASL","Franklin Soccer Field 1","U16","Boys"
"Beach FC Team United U16 Boys TASL","Beach FC Tidal Wave U16 Boys TASL","Hampton Roads Soccer Complex Field 14","U16","Boys"
"CUSC Revolution U16 Boys TASL","Franklin Fire SC Fire U16 Boys TASL","Centerville 10","U16","Boys"
"Suffolk Revolution U16 Boys TASL","Beach FC Team United U16 Boys TASL","SYAA Field 4","U16","Boys"
"Suffolk Revolution U16 Boys TASL","CUSC Revolution U16 Boys TASL","SYAA Field 4","U16","Boys"
"Beach FC Team United U16 Boys TASL","Franklin Fire SC Fire U16 Boys TASL","Hampton Roads Soccer Complex Field 11","U16","Boys"
"Beach FC Tidal Wave U16 Boys TASL","Suffolk Revolution U16 Boys TASL","Hampton Roads Soccer Complex Field 11","U16","Boys"
"CUSC Revolution U16 Boys TASL","Beach FC Tidal Wave U16 Boys TASL","Centerville 10","U16","Boys"
"CUSC Revolution U16 Boys TASL","Beach FC Team United U16 Boys TASL","Centerville 10","U16","Boys"
"Beach FC Tidal Wave U16 Boys TASL","Beach FC Team United U16 Boys TASL","Hampton Roads Soccer Complex Field 19","U16","Boys"
"Beach FC Team United U16 Boys TASL","Suffolk Revolution U16 Boys TASL","Hampton Roads Soccer Complex  9","U16","Boys"
"Beach FC Tidal Wave U16 Boys TASL","CUSC Revolution U16 Boys TASL","Hampton Roads Soccer Complex Field 19","U16","Boys"
"CUSC Revolution U16 Boys TASL","Suffolk Revolution U16 Boys TASL","Centerville 10","U16","Boys"
"Beach FC Tidal Wave U16 Boys TASL","Franklin Fire SC Fire U16 Boys TASL","Hampton Roads Soccer Complex Field 14","U16","Boys"
"Suffolk Revolution U16 Boys TASL","Beach FC Tidal Wave U16 Boys TASL","SYAA Field 4","U16","Boys"
"Beach FC Team United U16 Boys TASL","CUSC Revolution U16 Boys TASL","Hampton Roads Soccer Complex Field 11","U16","Boys"
"Suffolk Revolution U16 Boys TASL","Franklin Fire SC Fire U16 Boys TASL","SYAA Field 4","U16","Boys"
"Franklin Fire SC Fire U16 Boys TASL","CUSC Revolution U16 Boys TASL","Franklin Soccer Field 1","U16","Boys"
"Franklin Fire SC Fire U16 Boys TASL","Beach FC Tidal Wave U16 Boys TASL","Franklin Soccer Field 1","U16","Boys"
"CSL Blackjacks U18 Boys TASL","Beach FC Larchmont United U18 Boys TASL","Churchland Park Field 11","U18","Boys"
"Portsmouth Los Diablos U18 Boys TASL","Beach FC Hurricanes U18 Boys TASL","John Tyler Complex Field 1","U18","Boys"
"Franklin Fire SC Fire U18 Boys TASL","Beach FC Backdraft U18 Boys TASL","SYAA Field 6","U18","Boys"
"Smithfield Inferno U18 Boys TASL","Beach FC Larchmont United U18 Boys TASL","Carrollton Nike Park 3","U18","Boys"
"CSL Blackjacks U18 Boys TASL","Franklin Fire SC Fire U18 Boys TASL","Churchland Park Field 11","U18","Boys"
"Beach FC Backdraft U18 Boys TASL","Smithfield Inferno U18 Boys TASL","Hampton Roads Soccer Complex Field 14","U18","Boys"
"Beach FC Backdraft U18 Boys TASL","Beach FC Hurricanes U18 Boys TASL","Hampton Roads Soccer Complex Field 19","U18","Boys"
"Smithfield Inferno U18 Boys TASL","CSL Blackjacks U18 Boys TASL","Carrollton Nike Park 3","U18","Boys"
"CSL Blackjacks U18 Boys TASL","Beach FC Backdraft U18 Boys TASL","Churchland Park Field 11","U18","Boys"
"Beach FC Hurricanes U18 Boys TASL","Beach FC Larchmont United U18 Boys TASL","Hampton Roads Soccer Complex Field 19","U18","Boys"
"Franklin Fire SC Fire U18 Boys TASL","Beach FC Larchmont United U18 Boys TASL","Franklin Soccer Field 1","U18","Boys"
"Portsmouth Los Diablos U18 Boys TASL","Beach FC Backdraft U18 Boys TASL","John Tyler Complex Field 1","U18","Boys"
"Beach FC Larchmont United U18 Boys TASL","Beach FC Backdraft U18 Boys TASL","Lake Taylor Soccer Complex Field 14","U18","Boys"
"Beach FC Hurricanes U18 Boys TASL","Franklin Fire SC Fire U18 Boys TASL","Hampton Roads Soccer Complex Field 19","U18","Boys"
"Franklin Fire SC Fire U18 Boys TASL","Smithfield Inferno U18 Boys TASL","Franklin Soccer Field 1","U18","Boys"
"Beach FC Larchmont United U18 Boys TASL","CSL Blackjacks U18 Boys TASL","Lake Taylor Soccer Complex Field 14","U18","Boys"
"Smithfield Inferno U18 Boys TASL","Franklin Fire SC Fire U18 Boys TASL","Carrollton Nike Park 3","U18","Boys"
"Beach FC Backdraft U18 Boys TASL","Beach FC Legends U18 Boys TASL","Hampton Roads Soccer Complex Field 14","U18","Boys"
"Beach FC Hurricanes U18 Boys TASL","CSL Blackjacks U18 Boys TASL","Hampton Roads Soccer Complex Field 14","U18","Boys"
"Beach FC Legends U18 Boys TASL","Portsmouth Los Diablos U18 Boys TASL","Hampton Roads Soccer Complex Field 14","U18","Boys"
"Portsmouth Los Diablos U18 Boys TASL","Beach FC Larchmont United U18 Boys TASL","John Tyler Complex Field 1","U18","Boys"
"Beach FC Legends U18 Boys TASL","Beach FC Hurricanes U18 Boys TASL","Hampton Roads Soccer Complex Field 14","U18","Boys"
"Franklin Fire SC Fire U18 Boys TASL","Portsmouth Los Diablos U18 Boys TASL","Franklin Soccer Field 1","U18","Boys"
"Beach FC Larchmont United U18 Boys TASL","Beach FC Legends U18 Boys TASL","Lake Taylor Soccer Complex Field 14","U18","Boys"
"Smithfield Inferno U18 Boys TASL","Portsmouth Los Diablos U18 Boys TASL","Carrollton Nike Park 3","U18","Boys"
"Beach FC Legends U18 Boys TASL","Franklin Fire SC Fire U18 Boys TASL","Hampton Roads Soccer Complex Field 15","U18","Boys"
"Beach FC Hurricanes U18 Boys TASL","Smithfield Inferno U18 Boys TASL","Hampton Roads Soccer Complex Field 19","U18","Boys"
"CSL Blackjacks U18 Boys TASL","Beach FC Legends U18 Boys TASL","Churchland Park Field 11","U18","Boys"
"Portsmouth Los Diablos U18 Boys TASL","CSL Blackjacks U18 Boys TASL","John Tyler Complex Field 1","U18","Boys"
"Smithfield Inferno U18 Boys TASL","Beach FC Legends U18 Boys TASL","Carrollton Nike Park 3","U18","Boys"
"Portsmouth Los Diablos U18 Boys TASL","Beach FC Hurricanes U18 Boys TASL","John Tyler Complex Field 1","U18","Boys"
"Beach FC Legends U18 Boys TASL","Beach FC Backdraft U18 Boys TASL","Hampton Roads Soccer Complex  9","U18","Boys"
"Beach FC Panthers 99 U19 Boys TASL","Beach FC Norfolk Pilots U19 Boys TASL","Hampton Roads Soccer Complex Field 19","U19","Boys"
"CSL Impact U19 Boys TASL","Beach FC United U19 Boys TASL","Churchland Park Field 11","U19","Boys"
"Beach FC United U19 Boys TASL","Beach FC Norfolk Pilots U19 Boys TASL","Hampton Roads Soccer Complex Field 19","U19","Boys"
"Beach FC Panthers 99 U19 Boys TASL","CUSC Galaxy U19 Boys TASL","Hampton Roads Soccer Complex Field 19","U19","Boys"
"CSL Impact U19 Boys TASL","Beach FC Panthers U19 Boys TASL","Churchland Park Field 11","U19","Boys"
"Beach FC Strikers U19 Boys TASL","CSL United U19 Boys TASL","Hampton Roads Soccer Complex Field 19","U19","Boys"
"Beach FC Norfolk Pilots U19 Boys TASL","CSL Impact U19 Boys TASL","Lake Taylor Soccer Complex Field 14","U19","Boys"
"Beach FC Strikers U19 Boys TASL","CUSC Galaxy U19 Boys TASL","Hampton Roads Soccer Complex Field 19","U19","Boys"
"Beach FC United U19 Boys TASL","Beach FC Norfolk Pilots U19 Boys TASL","Hampton Roads Soccer Complex Field 19","U19","Boys"
"CSL United U19 Boys TASL","Beach FC Panthers U19 Boys TASL","Churchland Park Field 11","U19","Boys"
"Beach FC Panthers 99 U19 Boys TASL","Beach FC United U19 Boys TASL","Hampton Roads Soccer Complex Field 19","U19","Boys"
"CSL Impact U19 Boys TASL","CSL United U19 Boys TASL","Churchland Park Field 11","U19","Boys"
"CUSC Galaxy U19 Boys TASL","Beach FC United U19 Boys TASL","Centerville 10","U19","Boys"
"Beach FC Norfolk Pilots U19 Boys TASL","CSL United U19 Boys TASL","Lake Taylor Soccer Complex Field 14","U19","Boys"
"CSL Impact U19 Boys TASL","Beach FC United U19 Boys TASL","Churchland Park Field 11","U19","Boys"
"CSL United U19 Boys TASL","CUSC Galaxy U19 Boys TASL","Churchland Park Field 11","U19","Boys"
"CSL United U19 Boys TASL","Beach FC Strikers U19 Boys TASL","Churchland Park Field 11","U19","Boys"
"CSL United U19 Boys TASL","CUSC Galaxy U19 Boys TASL","Churchland Park Field 11","U19","Boys"
"Beach FC Strikers U19 Boys TASL","CSL Impact U19 Boys TASL","Hampton Roads Soccer Complex Field 19","U19","Boys"
"CUSC Galaxy U19 Boys TASL","Beach FC Norfolk Pilots U19 Boys TASL","Centerville 10","U19","Boys"
"Beach FC United U19 Boys TASL","CSL United U19 Boys TASL","Hampton Roads Soccer Complex Field 19","U19","Boys"
"CUSC Galaxy U19 Boys TASL","CSL Impact U19 Boys TASL","Centerville 10","U19","Boys"
"Beach FC United U19 Boys TASL","Beach FC Strikers U19 Boys TASL","Hampton Roads Soccer Complex Field 19","U19","Boys"
"Beach FC Norfolk Pilots U19 Boys TASL","Beach FC Strikers U19 Boys TASL","Lake Taylor Soccer Complex Field 14","U19","Boys"
"CUSC Galaxy U19 Boys TASL","Beach FC Panthers U19 Boys TASL","Centerville 10","U19","Boys"
"Beach FC Panthers 99 U19 Boys TASL","Beach FC Strikers U19 Boys TASL","Hampton Roads Soccer Complex Field 19","U19","Boys"
"CSL Impact U19 Boys TASL","Beach FC Strikers U19 Boys TASL","Churchland Park Field 11","U19","Boys"
"Beach FC Norfolk Pilots U19 Boys TASL","Beach FC Panthers U19 Boys TASL","Lake Taylor Soccer Complex Field 14","U19","Boys"
"AYSO Arsenal U09 Girls TASL","CUSC Black U09 Girls TASL","AYSO Cornland Park Field 3","U09","Girls"
"Smithfield Sparks U09 Girls TASL","Beach FC Flames U09 Girls TASL","Carrollton Nike Park  1","U09","Girls"
"Beach FC Flames U09 Girls TASL","AYSO Arsenal U09 Girls TASL","Hampton Roads Soccer Complex Field 18B","U09","Girls"
"Smithfield Sparks U09 Girls TASL","CUSC Black U09 Girls TASL","Carrollton Nike Park  1","U09","Girls"
"CUSC Black U09 Girls TASL","TSA Sharks U09 Girls TASL","Centerville Compex 9B","U09","Girls"
"Beach FC Flames U09 Girls TASL","CUSC Black U09 Girls TASL","Hampton Roads Soccer Complex Field 18B","U09","Girls"
"CUSC Black U09 Girls TASL","Smithfield Sparks U09 Girls TASL","Centerville Compex 9B","U09","Girls"
"CUSC Black U09 Girls TASL","AYSO Arsenal U09 Girls TASL","Centerville Compex 9B","U09","Girls"
"AYSO Arsenal U09 Girls TASL","Beach FC Flames U09 Girls TASL","AYSO Cornland Park Field 3","U09","Girls"
"CUSC Black U09 Girls TASL","Beach FC Flames U09 Girls TASL","Centerville Compex 9B","U09","Girls"
"TSA Sharks U09 Girls TASL","Beach FC Flames U09 Girls TASL","Wahrill Soccer Complex Field 2","U09","Girls"
"TSA Sharks U09 Girls TASL","CUSC Black U09 Girls TASL","Wahrill Soccer Complex Field 2","U09","Girls"
"AYSO Arsenal U09 Girls TASL","TSA Sharks U09 Girls TASL","AYSO Cornland Park Field 3","U09","Girls"
"Smithfield Sparks U09 Girls TASL","TSA Sharks U09 Girls TASL","Carrollton Nike Park  1","U09","Girls"
"AYSO Arsenal U09 Girls TASL","Smithfield Sparks U09 Girls TASL","AYSO Cornland Park Field 3","U09","Girls"
"TSA Sharks U09 Girls TASL","AYSO Arsenal U09 Girls TASL","Wahrill Soccer Complex Field 2","U09","Girls"
"Beach FC Flames U09 Girls TASL","TSA Sharks U09 Girls TASL","Hampton Roads Soccer Complex Field 18A","U09","Girls"
"Beach FC Flames U09 Girls TASL","Smithfield Sparks U09 Girls TASL","Hampton Roads Soccer Complex Field 18A","U09","Girls"
"TSA Sharks U09 Girls TASL","Smithfield Sparks U09 Girls TASL","Wahrill Soccer Complex Field 2","U09","Girls"
"Smithfield Sparks U09 Girls TASL","AYSO Arsenal U09 Girls TASL","Carrollton Nike Park  1","U09","Girls"
"Suffolk Fury U10 Girls TASL","CUSC Black U10 Girls TASL","SYAA Field 7","U10","Girls"
"CSL Sparks White U10 Girls TASL","Va Legacy Phoenix U10 Girls TASL","Churchland Park Field  6","U10","Girls"
"Suffolk Fury U10 Girls TASL","CSL Sparks White U10 Girls TASL","SYAA Field 7","U10","Girls"
"Va Legacy Phoenix U10 Girls TASL","CSL Sparks Orange U10 Girls TASL","Warhill Soccer Complex Field 4","U10","Girls"
"CUSC Black U10 Girls TASL","CSL Sparks Orange U10 Girls TASL","Centerville Compex 9B","U10","Girls"
"CSL Sparks White U10 Girls TASL","Beach FC Fury U10 Girls TASL","Churchland Park Field  6","U10","Girls"
"CUSC Black U10 Girls TASL","Va Legacy Phoenix U10 Girls TASL","Centerville Compex 9B","U10","Girls"
"CSL Sparks Orange U10 Girls TASL","CSL Sparks White U10 Girls TASL","Churchland Park Field  6","U10","Girls"
"CSL Sparks White U10 Girls TASL","CUSC Black U10 Girls TASL","Churchland Park Field  6","U10","Girls"
"CSL Sparks Orange U10 Girls TASL","Suffolk Fury U10 Girls TASL","Churchland Park Field  6","U10","Girls"
"Beach FC Fury U10 Girls TASL","CSL Sparks Orange U10 Girls TASL","Hampton Roads Soccer Complex Field 18A","U10","Girls"
"Va Legacy Phoenix U10 Girls TASL","CSL Sparks White U10 Girls TASL","Warhill Soccer Complex Field 4","U10","Girls"
"CUSC Black U10 Girls TASL","Beach FC Fury U10 Girls TASL","Centerville Compex 9B","U10","Girls"
"CSL Sparks White U10 Girls TASL","Suffolk Fury U10 Girls TASL","Churchland Park Field  6","U10","Girls"
"Beach FC Fury U10 Girls TASL","CSL Sparks White U10 Girls TASL","Hampton Roads Soccer Complex Field 18B","U10","Girls"
"Va Legacy Phoenix U10 Girls TASL","Suffolk Fury U10 Girls TASL","Warhill Soccer Complex Field 4","U10","Girls"
"CSL Sparks Orange U10 Girls TASL","Beach FC Fury U10 Girls TASL","Churchland Park Field  6","U10","Girls"
"Beach FC Fury U10 Girls TASL","CUSC Black U10 Girls TASL","Hampton Roads Soccer Complex Field 18A","U10","Girls"
"Suffolk Fury U10 Girls TASL","Va Legacy Phoenix U10 Girls TASL","SYAA Field 7","U10","Girls"
"Beach FC Fury U10 Girls TASL","Suffolk Fury U10 Girls TASL","Hampton Roads Soccer Complex Field 18A","U10","Girls"
"Beach FC Fury U10 Girls TASL","Va Legacy Phoenix U10 Girls TASL","Hampton Roads Soccer Complex Field 18B","U10","Girls"
"Suffolk Fury U10 Girls TASL","CUSC Black U10 Girls TASL","SYAA Field 7","U10","Girls"
"CSL Sparks Orange U10 Girls TASL","Va Legacy Phoenix U10 Girls TASL","Churchland Park Field  6","U10","Girls"
"CUSC Black U10 Girls TASL","CSL Sparks Orange U10 Girls TASL","Centerville Compex 9B","U10","Girls"
"Beach FC Tornadoes U11 Girls TASL","Beach FC Griffons U11 Girls TASL","Hampton Roads Soccer Complex Field 13B","U11","Girls"
"Smithfield Firestars U11 Girls TASL","Beach FC Ladybugs U11 Girls TASL","Carrollton Nike Park 2","U11","Girls"
"WBSC Blast U11 Girls TASL","Beach FC Tornadoes U11 Girls TASL","Joliff Middle School Field 2","U11","Girls"
"Smithfield Firestars U11 Girls TASL","AYSO Arsenal U11 Girls TASL","Carrollton Nike Park 2","U11","Girls"
"AYSO Arsenal U11 Girls TASL","Beach FC Ladybugs U11 Girls TASL","AYSO Cornland Park Field 5","U11","Girls"
"Beach FC Tornadoes U11 Girls TASL","Smithfield Firestars U11 Girls TASL","Hampton Roads Soccer Complex Field 13B","U11","Girls"
"AYSO Arsenal U11 Girls TASL","Beach FC Griffons U11 Girls TASL","AYSO Cornland Park Field 5","U11","Girls"
"Beach FC Ladybugs U11 Girls TASL","Beach FC Tornadoes U11 Girls TASL","Lake Taylor Soccer Complex Field 10","U11","Girls"
"WBSC Blast U11 Girls TASL","Beach FC Ladybugs U11 Girls TASL","Joliff Middle School Field 2","U11","Girls"
"Beach FC Tornadoes U11 Girls TASL","AYSO Arsenal U11 Girls TASL","Hampton Roads Soccer Complex Field 13B","U11","Girls"
"Beach FC Griffons U11 Girls TASL","Beach FC Tornadoes U11 Girls TASL","Hampton Roads Soccer Complex Field 13B","U11","Girls"
"AYSO Arsenal U11 Girls TASL","WBSC Blast U11 Girls TASL","AYSO Cornland Park Field 5","U11","Girls"
"Beach FC Tornadoes U11 Girls TASL","WBSC Blast U11 Girls TASL","Hampton Roads Soccer Complex Field 13B","U11","Girls"
"Beach FC Ladybugs U11 Girls TASL","Beach FC Griffons U11 Girls TASL","Lake Taylor Soccer Complex Field 10","U11","Girls"
"Beach FC Ladybugs U11 Girls TASL","AYSO Arsenal U11 Girls TASL","Lake Taylor Soccer Complex Field 10","U11","Girls"
"Smithfield Firestars U11 Girls TASL","Beach FC Tornadoes U11 Girls TASL","Carrollton Nike Park 2","U11","Girls"
"WBSC Blast U11 Girls TASL","AYSO Arsenal U11 Girls TASL","Joliff Middle School Field 2","U11","Girls"
"Beach FC Griffons U11 Girls TASL","Beach FC Ladybugs U11 Girls TASL","Hampton Roads Soccer Complex Field 13B","U11","Girls"
"WBSC Blast U11 Girls TASL","Beach FC Griffons U11 Girls TASL","Joliff Middle School Field 2","U11","Girls"
"Smithfield Firestars U11 Girls TASL","WBSC Blast U11 Girls TASL","Carrollton Nike Park 2","U11","Girls"
"Beach FC Griffons U11 Girls TASL","Smithfield Firestars U11 Girls TASL","Hampton Roads Soccer Complex Field 13B","U11","Girls"
"Beach FC Ladybugs U11 Girls TASL","Smithfield Firestars U11 Girls TASL","Lake Taylor Soccer Complex Field 10","U11","Girls"
"AYSO Arsenal U11 Girls TASL","Smithfield Firestars U11 Girls TASL","AYSO Cornland Park Field 5","U11","Girls"
"Beach FC Griffons U11 Girls TASL","WBSC Blast U11 Girls TASL","Hampton Roads Soccer Complex Field 13A","U11","Girls"
"CSC Sharknados U12 Girls TASL","Beach FC Rockets U12 Girls TASL","Centerville Complex Field 7A","U12","Girls"
"Suffolk Storm U12 Girls TASL","Beach FC Fire U12 Girls TASL","SYAA field 5","U12","Girls"
"Beach FC Norfolk Fury U12 Girls TASL","CSC Sharknados U12 Girls TASL","Hampton Roads Soccer Complex Field 13C","U12","Girls"
"CUSC 06G Blue Waves U12 Girls TASL","CSC Sharknados U12 Girls TASL","Centerville Complex Field 7A","U12","Girls"
"Beach FC Rockets U12 Girls TASL","Suffolk Storm U12 Girls TASL","Hampton Roads Soccer Complex Field 13B","U12","Girls"
"Suffolk Storm U12 Girls TASL","CSC Sharknados U12 Girls TASL","SYAA field 5","U12","Girls"
"WBSC Dynamite U12 Girls TASL","Beach FC Norfolk Fury U12 Girls TASL","Joliff Middle School Field 2","U12","Girls"
"Beach FC Fusion U12 Girls TASL","WBSC Dynamite U12 Girls TASL","Hampton Roads Soccer Complex Field 13C","U12","Girls"
"Beach FC Fire U12 Girls TASL","CUSC U12 Girls TASL","Hampton Roads Soccer Complex Field 13C","U12","Girls"
"Beach FC Norfolk Fury U12 Girls TASL","Beach FC Fire U12 Girls TASL","Hampton Roads Soccer Complex Field 13C","U12","Girls"
"CSC Sharknados U12 Girls TASL","WBSC Dynamite U12 Girls TASL","Centerville Complex Field 7A","U12","Girls"
"Suffolk Storm U12 Girls TASL","TSA Sharks U12 Girls TASL","SYAA field 5","U12","Girls"
"TSA Sharks U12 Girls TASL","CUSC U12 Girls TASL","Wahrill Soccer Complex Field 2","U12","Girls"
"Beach FC Norfolk Fury U12 Girls TASL","Beach FC Fusion U12 Girls TASL","Lake Taylor Soccer Complex Field 10","U12","Girls"
"Beach FC Fusion U12 Girls TASL","Beach FC Rockets U12 Girls TASL","Hampton Roads Soccer Complex Field 13C","U12","Girls"
"Beach FC Fire U12 Girls TASL","CSC Sharknados U12 Girls TASL","Hampton Roads Soccer Complex Field 13C","U12","Girls"
"Beach FC Norfolk Fury U12 Girls TASL","CUSC U12 Girls TASL","Lake Taylor Soccer Complex Field 10","U12","Girls"
"Beach FC Norfolk Fury U12 Girls TASL","Beach FC Rockets U12 Girls TASL","Lake Taylor Soccer Complex Field 11","U12","Girls"
"CUSC 06G Blue Waves U12 Girls TASL","Suffolk Storm U12 Girls TASL","Centerville Complex Field 9","U12","Girls"
"TSA Sharks U12 Girls TASL","Beach FC Fire U12 Girls TASL","Wahrill Soccer Complex Field 2","U12","Girls"
"TSA Sharks U12 Girls TASL","Beach FC Norfolk Fury U12 Girls TASL","Wahrill Soccer Complex Field 2","U12","Girls"
"CUSC 06G Blue Waves U12 Girls TASL","WBSC Dynamite U12 Girls TASL","Centerville Complex Field 9","U12","Girls"
"Beach FC Fusion U12 Girls TASL","TSA Sharks U12 Girls TASL","Hampton Roads Soccer Complex Field 13C","U12","Girls"
"WBSC Dynamite U12 Girls TASL","Beach FC Fire U12 Girls TASL","Joliff Middle School Field 2","U12","Girls"
"Beach FC Fusion U12 Girls TASL","CUSC U12 Girls TASL","Hampton Roads Soccer Complex Field 13C","U12","Girls"
"TSA Sharks U12 Girls TASL","Beach FC Rockets U12 Girls TASL","Churchland Park Field  1","U12","Girls"
"Suffolk Storm U12 Girls TASL","Beach FC Norfolk Fury U12 Girls TASL","SYAA field 5","U12","Girls"
"CSC Sharknados U12 Girls TASL","TSA Sharks U12 Girls TASL","Centerville Complex Field 7A","U12","Girls"
"CUSC 06G Blue Waves U12 Girls TASL","Beach FC Rockets U12 Girls TASL","Centerville Complex Field 9","U12","Girls"
"Beach FC Fire U12 Girls TASL","Beach FC Fusion U12 Girls TASL","Hampton Roads Soccer Complex Field 13C","U12","Girls"
"WBSC Dynamite U12 Girls TASL","Suffolk Storm U12 Girls TASL","Joliff Middle School Field 2","U12","Girls"
"Beach FC Rockets U12 Girls TASL","Beach FC Fire U12 Girls TASL","Hampton Roads Soccer Complex Field 13B","U12","Girls"
"WBSC Dynamite U12 Girls TASL","TSA Sharks U12 Girls TASL","Joliff Middle School Field 2","U12","Girls"
"Beach FC Fusion U12 Girls TASL","Suffolk Storm U12 Girls TASL","Hampton Roads Soccer Complex Field 13B","U12","Girls"
"CSC Sharknados U12 Girls TASL","Beach FC Fusion U12 Girls TASL","Centerville Complex Field 7A","U12","Girls"
"Beach FC Rockets U12 Girls TASL","WBSC Dynamite U12 Girls TASL","Lake Taylor Soccer Complex Field 11","U12","Girls"
"Beach FC Fire U13 Girls TASL","Beach FC Crazy Cleats U13 Girls TASL","Hampton Roads Soccer Complex Field 16","U13","Girls"
"Beach FC Phoenix U13 Girls TASL","Carolina Lightning U13 Girls TASL","Hampton Roads Soccer Complex Field 16","U13","Girls"
"Beach FC Crazy Cleats U13 Girls TASL","Beach FC Phoenix U13 Girls TASL","Hampton Roads Soccer Complex Field 11","U13","Girls"
"Carolina Lightning U13 Girls TASL","Beach FC Storm U13 Girls TASL","Albemarle School Field 2","U13","Girls"
"Smithfield Inferno U13 Girls TASL","Beach FC Phoenix U13 Girls TASL","Carrollton Nike Park 3","U13","Girls"
"Beach FC Storm U13 Girls TASL","Beach FC Phoenix U13 Girls TASL","Hampton Roads Soccer Complex Field 16","U13","Girls"
"Smithfield Inferno U13 Girls TASL","Beach FC Fire U13 Girls TASL","Carrollton Nike Park 3","U13","Girls"
"Smithfield Inferno U13 Girls TASL","CSL Flash U13 Girls TASL","Carrollton Nike Park 3","U13","Girls"
"WBSC Hot Shotz U13 Girls TASL","Beach FC Fire U13 Girls TASL","Joliff Middle School Field 1","U13","Girls"
"CSL Flash U13 Girls TASL","Beach FC Crazy Cleats U13 Girls TASL","Churchland Park Field  3","U13","Girls"
"Beach FC Fire U13 Girls TASL","Carolina Lightning U13 Girls TASL","Hampton Roads Soccer Complex Field 16","U13","Girls"
"Beach FC Storm U13 Girls TASL","Beach FC Rays U13 Girls TASL","Hampton Roads Soccer Complex Field 16","U13","Girls"
"Beach FC Crazy Cleats U13 Girls TASL","Carolina Lightning U13 Girls TASL","Hampton Roads Soccer Complex Field 16","U13","Girls"
"Beach FC Fire U13 Girls TASL","Beach FC Storm U13 Girls TASL","Hampton Roads Soccer Complex Field 11","U13","Girls"
"WBSC Hot Shotz U13 Girls TASL","Smithfield Inferno U13 Girls TASL","Joliff Middle School Field 1","U13","Girls"
"WBSC Hot Shotz U13 Girls TASL","Beach FC Storm U13 Girls TASL","Joliff Middle School Field 1","U13","Girls"
"WBSC Hot Shotz U13 Girls TASL","Carolina Lightning U13 Girls TASL","Joliff Middle School Field 1","U13","Girls"
"Beach FC Fire U13 Girls TASL","Beach FC Rays U13 Girls TASL","Hampton Roads Soccer Complex Field 11","U13","Girls"
"CSL Flash U13 Girls TASL","Beach FC Rays U13 Girls TASL","Churchland Park Field  3","U13","Girls"
"Beach FC Crazy Cleats U13 Girls TASL","Beach FC Storm U13 Girls TASL","Hampton Roads Soccer Complex Field 11","U13","Girls"
"Beach FC Storm U13 Girls TASL","CSL Flash U13 Girls TASL","Hampton Roads Soccer Complex Field 16","U13","Girls"
"Beach FC Rays U13 Girls TASL","Smithfield Inferno U13 Girls TASL","Hampton Roads Soccer Complex Field 16","U13","Girls"
"Beach FC Rays U13 Girls TASL","WBSC Hot Shotz U13 Girls TASL","Hampton Roads Soccer Complex Field 11","U13","Girls"
"CSL Flash U13 Girls TASL","Beach FC Fire U13 Girls TASL","Churchland Park Field  3","U13","Girls"
"Beach FC Crazy Cleats U13 Girls TASL","WBSC Hot Shotz U13 Girls TASL","Hampton Roads Soccer Complex Field 16","U13","Girls"
"Carolina Lightning U13 Girls TASL","Beach FC Rays U13 Girls TASL","Albemarle School Field 2","U13","Girls"
"Beach FC Phoenix U13 Girls TASL","Beach FC Rays U13 Girls TASL","Hampton Roads Soccer Complex Field 16","U13","Girls"
"Beach FC Storm U13 Girls TASL","Smithfield Inferno U13 Girls TASL","Hampton Roads Soccer Complex Field 16","U13","Girls"
"Beach FC Phoenix U13 Girls TASL","Beach FC Fire U13 Girls TASL","Hampton Roads Soccer Complex Field 16","U13","Girls"
"CSL Flash U13 Girls TASL","WBSC Hot Shotz U13 Girls TASL","Churchland Park Field  3","U13","Girls"
"Carolina Lightning U13 Girls TASL","CSL Flash U13 Girls TASL","Albemarle School Field 2","U13","Girls"
"Beach FC Rays U13 Girls TASL","Beach FC Crazy Cleats U13 Girls TASL","Hampton Roads Soccer Complex Field 11","U13","Girls"
"CSL Flash U13 Girls TASL","Beach FC Phoenix U13 Girls TASL","Churchland Park Field  3","U13","Girls"
"Smithfield Inferno U13 Girls TASL","Beach FC Crazy Cleats U13 Girls TASL","Carrollton Nike Park 3","U13","Girls"
"WBSC Hot Shotz U13 Girls TASL","Beach FC Phoenix U13 Girls TASL","Joliff Middle School Field 1","U13","Girls"
"Carolina Lightning U13 Girls TASL","Smithfield Inferno U13 Girls TASL","Albemarle School Field 2","U13","Girls"
"WBSC Chaos U14 Girls TASL","Beach FC Fire Cats U14 Girls TASL","Joliff Middle School Field 1","U14","Girls"
"WBSC Chaos U14 Girls TASL","Beach FC Panthers U14 Girls TASL","Joliff Middle School Field 1","U14","Girls"
"Beach FC Fire Cats U14 Girls TASL","Beach FC Spirit U14 Girls TASL","Hampton Roads Soccer Complex Field 11","U14","Girls"
"Beach FC Panthers U14 Girls TASL","Beach FC Spirit U14 Girls TASL","Hampton Roads Soccer Complex Field 16","U14","Girls"
"WBSC Chaos U14 Girls TASL","Beach FC Spirit U14 Girls TASL","Joliff Middle School Field 1","U14","Girls"
"WBSC Chaos U14 Girls TASL","Beach FC Panthers U14 Girls TASL","Joliff Middle School Field 1","U14","Girls"
"Beach FC Panthers U14 Girls TASL","Beach FC Hurricanes U14 Girls TASL","Hampton Roads Soccer Complex Field 16","U14","Girls"
"WBSC Chaos U14 Girls TASL","Beach FC Fire Cats U14 Girls TASL","Joliff Middle School Field 1","U14","Girls"
"WBSC Chaos U14 Girls TASL","Beach FC Hurricanes U14 Girls TASL","Joliff Middle School Field 1","U14","Girls"
"Beach FC Fire Cats U14 Girls TASL","Beach FC Hurricanes U14 Girls TASL","Hampton Roads Soccer Complex Field 11","U14","Girls"
"Beach FC Panthers U14 Girls TASL","Beach FC Fire Cats U14 Girls TASL","Lake Taylor Soccer Complex Field 15","U14","Girls"
"WBSC Chaos U14 Girls TASL","Beach FC Spirit U14 Girls TASL","Joliff Middle School Field 1","U14","Girls"
"Beach FC Spirit U14 Girls TASL","Beach FC Hurricanes U14 Girls TASL","Hampton Roads Soccer Complex Field 16","U14","Girls"
"Beach FC Hurricanes U14 Girls TASL","WBSC Chaos U14 Girls TASL","Hampton Roads Soccer Complex Field 16","U14","Girls"
"Beach FC Fire Cats U14 Girls TASL","Beach FC Panthers U14 Girls TASL","Hampton Roads Soccer Complex Field 15","U14","Girls"
"Beach FC Hurricanes U14 Girls TASL","Beach FC Fire Cats U14 Girls TASL","Hampton Roads Soccer Complex Field 14","U14","Girls"
"Beach FC Spirit U14 Girls TASL","Beach FC Fire Cats U14 Girls TASL","Hampton Roads Soccer Complex Field 16","U14","Girls"
"Beach FC Hurricanes U14 Girls TASL","Beach FC Spirit U14 Girls TASL","Hampton Roads Soccer Complex Field 15","U14","Girls"
"Beach FC Spirit U14 Girls TASL","Beach FC Panthers U14 Girls TASL","Hampton Roads Soccer Complex Field 11","U14","Girls"
"Beach FC Panthers U14 Girls TASL","Beach FC Hurricanes U14 Girls TASL","Lake Taylor Soccer Complex Field 15","U14","Girls"
"Beach FC Riptide U16 Girls TASL","Beach FC Strikers U16 Girls TASL","Hampton Roads Soccer Complex Field 14","U16","Girls"
"CSL Inferno U16 Girls TASL","Smithfield ViP Sirens U16 Girls TASL","Churchland Park Field  3","U16","Girls"
"Beach FC Lady Arsenal U16 Girls TASL","Beach FC United U16 Girls TASL","Hampton Roads Soccer Complex Field 14","U16","Girls"
"Smithfield ViP Sirens U16 Girls TASL","Beach FC Riptide U16 Girls TASL","Carrollton Nike Park 3","U16","Girls"
"Beach FC Strikers U16 Girls TASL","Smithfield ViP Sirens U16 Girls TASL","Hampton Roads Soccer Complex Field 19","U16","Girls"
"CUSC Fire U16 Girls TASL","Beach FC Mavericks U16 Girls TASL","Centerville 10","U16","Girls"
"Beach FC Mavericks U16 Girls TASL","CSL Inferno U16 Girls TASL","Hampton Roads Soccer Complex Field 19","U16","Girls"
"Beach FC Lady Arsenal U16 Girls TASL","CUSC Fire U16 Girls TASL","Hampton Roads Soccer Complex Field 14","U16","Girls"
"Beach FC Riptide U16 Girls TASL","CUSC Fire U16 Girls TASL","Hampton Roads Soccer Complex Field 14","U16","Girls"
"Smithfield ViP Sirens U16 Girls TASL","Beach FC Mavericks U16 Girls TASL","Carrollton Nike Park 3","U16","Girls"
"Beach FC Crush U16 Girls TASL","Beach FC Riptide U16 Girls TASL","Hampton Roads Soccer Complex Field 14","U16","Girls"
"CSL Inferno U16 Girls TASL","Beach FC Lady Arsenal U16 Girls TASL","Churchland Park Field 11","U16","Girls"
"Beach FC Mavericks U16 Girls TASL","Beach FC Lady Arsenal U16 Girls TASL","Hampton Roads Soccer Complex Field 14","U16","Girls"
"Beach FC Riptide U16 Girls TASL","CSL Inferno U16 Girls TASL","Hampton Roads Soccer Complex Field 14","U16","Girls"
"Smithfield ViP Sirens U16 Girls TASL","CUSC Fire U16 Girls TASL","Carrollton Nike Park 3","U16","Girls"
"Beach FC Lady Arsenal U16 Girls TASL","Beach FC Riptide U16 Girls TASL","Hampton Roads Soccer Complex Field 14","U16","Girls"
"CUSC Fire U16 Girls TASL","Beach FC United U16 Girls TASL","Centerville 10","U16","Girls"
"CSL Inferno U16 Girls TASL","Beach FC Strikers U16 Girls TASL","Churchland Park Field 11","U16","Girls"
"CUSC Fire U16 Girls TASL","Beach FC Strikers U16 Girls TASL","Centerville 10","U16","Girls"
"Beach FC Riptide U16 Girls TASL","Beach FC Mavericks U16 Girls TASL","Hampton Roads Soccer Complex Field 19","U16","Girls"
"Beach FC Crush U16 Girls TASL","Smithfield ViP Sirens U16 Girls TASL","Hampton Roads Soccer Complex Field 19","U16","Girls"
"Beach FC Crush U16 Girls TASL","CUSC Fire U16 Girls TASL","Hampton Roads Soccer Complex Field 14","U16","Girls"
"Beach FC United U16 Girls TASL","Beach FC Mavericks U16 Girls TASL","Hampton Roads Soccer Complex Field 14","U16","Girls"
"Beach FC Mavericks U16 Girls TASL","Beach FC Strikers U16 Girls TASL","Hampton Roads Soccer Complex Field 14","U16","Girls"
"CUSC Fire U16 Girls TASL","CSL Inferno U16 Girls TASL","Centerville 10","U16","Girls"
"Beach FC United U16 Girls TASL","Beach FC Riptide U16 Girls TASL","Hampton Roads Soccer Complex Field 14","U16","Girls"
"Beach FC Crush U16 Girls TASL","Beach FC Lady Arsenal U16 Girls TASL","Hampton Roads Soccer Complex Field 19","U16","Girls"
"Beach FC Strikers U16 Girls TASL","Beach FC United U16 Girls TASL","Hampton Roads Soccer Complex Field 14","U16","Girls"
"CSL Inferno U16 Girls TASL","Beach FC Crush U16 Girls TASL","Churchland Park Field 11","U16","Girls"
"Beach FC United U16 Girls TASL","Smithfield ViP Sirens U16 Girls TASL","Hampton Roads Soccer Complex Field 14","U16","Girls"
"Beach FC Strikers U16 Girls TASL","Beach FC Crush U16 Girls TASL","Hampton Roads Soccer Complex Field 14","U16","Girls"
"Beach FC United U16 Girls TASL","Beach FC Crush U16 Girls TASL","Hampton Roads Soccer Complex Field 14","U16","Girls"
"Beach FC Mavericks U16 Girls TASL","Beach FC Crush U16 Girls TASL","Hampton Roads Soccer Complex Field 14","U16","Girls"
"Beach FC Lady Arsenal U16 Girls TASL","Smithfield ViP Sirens U16 Girls TASL","Hampton Roads Soccer Complex Field 14","U16","Girls"
"CSL Inferno U16 Girls TASL","Beach FC United U16 Girls TASL","Churchland Park Field 11","U16","Girls"
"Beach FC Strikers U16 Girls TASL","Beach FC Lady Arsenal U16 Girls TASL","Hampton Roads Soccer Complex Field 11","U16","Girls"
"Beach FC Twisters U19 Girls TASL","CUSC Hurricanes U19 Girls TASL","Hampton Roads Soccer Complex Field 19","U19","Girls"
"CUSC Hurricanes U19 Girls TASL","Smithfield Firestorm U19 Girls TASL","Centerville 10","U19","Girls"
"Beach FC HERicanes U19 Girls TASL","Beach FC Riptides U19 Girls TASL","Hampton Roads Soccer Complex Field 19","U19","Girls"
"CUSC Hurricanes U19 Girls TASL","Beach FC Riptides U19 Girls TASL","Centerville 10","U19","Girls"
"CUSC Hurricanes U19 Girls TASL","Beach FC HERicanes U19 Girls TASL","Centerville 10","U19","Girls"
"Beach FC HERicanes U19 Girls TASL","Beach FC Twisters U19 Girls TASL","Hampton Roads Soccer Complex Field 19","U19","Girls"
"Beach FC Twisters U19 Girls TASL","Beach FC HERicanes U19 Girls TASL","Hampton Roads Soccer Complex Field 19","U19","Girls"
"Smithfield Firestorm U19 Girls TASL","Beach FC Riptides U19 Girls TASL","Carrollton Nike Park 3","U19","Girls"
"CUSC Hurricanes U19 Girls TASL","Beach FC Twisters U19 Girls TASL","Centerville 10","U19","Girls"
"Smithfield Firestorm U19 Girls TASL","CUSC Hurricanes U19 Girls TASL","Carrollton Nike Park 3","U19","Girls"
"Beach FC Riptides U19 Girls TASL","Beach FC HERicanes U19 Girls TASL","Hampton Roads Soccer Complex Field 19","U19","Girls"
"Beach FC HERicanes U19 Girls TASL","CUSC Hurricanes U19 Girls TASL","Hampton Roads Soccer Complex Field 19","U19","Girls"
"Smithfield Firestorm U19 Girls TASL","Beach FC HERicanes U19 Girls TASL","Carrollton Nike Park 3","U19","Girls"
"Beach FC Riptides U19 Girls TASL","Beach FC Twisters U19 Girls TASL","Hampton Roads Soccer Complex Field 19","U19","Girls"
"Smithfield Firestorm U19 Girls TASL","Beach FC Twisters U19 Girls TASL","Carrollton Nike Park 3","U19","Girls"
"Beach FC Riptides U19 Girls TASL","Smithfield Firestorm U19 Girls TASL","Hampton Roads Soccer Complex Field 19","U19","Girls"
"Beach FC Riptides U19 Girls TASL","CUSC Hurricanes U19 Girls TASL","Hampton Roads Soccer Complex Field 19","U19","Girls"
"Beach FC HERicanes U19 Girls TASL","Smithfield Firestorm U19 Girls TASL","Hampton Roads Soccer Complex Field 19","U19","Girls"
"Beach FC Twisters U19 Girls TASL","Beach FC Riptides U19 Girls TASL","Hampton Roads Soccer Complex Field 19","U19","Girls"
"Beach FC Twisters U19 Girls TASL","Smithfield Firestorm U19 Girls TASL","Hampton Roads Soccer Complex Field 19","U19","Girls"
