Field,Team1,Team2,Age.Group,Gender
Rockfish River ES,Nelson U12 Boys U12 Boys SCSL,SOCA Cville 07 Boys Blue U12 Boys SCSL,U12,Boys
William Monroe High School - Upper Field,SVU U11B White U12 Boys SCSL,GFC United U12 Boys U12 Boys SCSL,U12,Boys
Leakes Mill Park,Goochland Galaxy 07/08 Boys U12 Boys SCSL,FYSA U11 Boys U12 Boys SCSL,U12,Boys
Booster Park #2,Orange Fire 06/07 Boys U12 Boys SCSL,SOCA Cville 07 Boys White U12 Boys SCSL,U12,Boys
Monger #4,Goochland Galaxy 07/08 Boys U12 Boys SCSL,SVU U11B White U12 Boys SCSL,U12,Boys
Zions Crossroads #2,FYSA U11 Boys U12 Boys SCSL,Orange Fire 06/07 Boys U12 Boys SCSL,U12,Boys
Rockfish River ES,Nelson U12 Boys U12 Boys SCSL,SOCA Cville 07 Boys White U12 Boys SCSL,U12,Boys
SOCA-ACAC South Fork Soccer Park (SFSP Field 5),GFC United U12 Boys U12 Boys SCSL,SOCA Cville 07 Boys Blue U12 Boys SCSL,U12,Boys
SOCA-ACAC South Fork Soccer Park (SFSP Field 5),SVU U11B White U12 Boys SCSL,SOCA Cville 07 Boys Blue U12 Boys SCSL,U12,Boys
Leakes Mill Park,Goochland Galaxy 07/08 Boys U12 Boys SCSL,Orange Fire 06/07 Boys U12 Boys SCSL,U12,Boys
Rockfish River ES,FYSA U11 Boys U12 Boys SCSL,Nelson U12 Boys U12 Boys SCSL,U12,Boys
SOCA-ACAC South Fork Soccer Park (SFSP Field 5),GFC United U12 Boys U12 Boys SCSL,SOCA Cville 07 Boys White U12 Boys SCSL,U12,Boys
Monger #4,SVU U11B White U12 Boys SCSL,SOCA Cville 07 Boys White U12 Boys SCSL,U12,Boys
William Monroe High School - Upper Field,FYSA U11 Boys U12 Boys SCSL,GFC United U12 Boys U12 Boys SCSL,U12,Boys
Booster Park #2,Orange Fire 06/07 Boys U12 Boys SCSL,Nelson U12 Boys U12 Boys SCSL,U12,Boys
SOCA-ACAC South Fork Soccer Park (SFSP Field 5),Goochland Galaxy 07/08 Boys U12 Boys SCSL,SOCA Cville 07 Boys Blue U12 Boys SCSL,U12,Boys
Monger #4,SVU U11B White U12 Boys SCSL,Nelson U12 Boys U12 Boys SCSL,U12,Boys
Zions Crossroads #2,FYSA U11 Boys U12 Boys SCSL,SOCA Cville 07 Boys White U12 Boys SCSL,U12,Boys
Booster Park #2,Orange Fire 06/07 Boys U12 Boys SCSL,SOCA Cville 07 Boys Blue U12 Boys SCSL,U12,Boys
SOCA-ACAC South Fork Soccer Park (SFSP Field 5),FYSA U11 Boys U12 Boys SCSL,SOCA Cville 07 Boys Blue U12 Boys SCSL,U12,Boys
Rockfish River ES,GFC United U12 Boys U12 Boys SCSL,Nelson U12 Boys U12 Boys SCSL,U12,Boys
SOCA-ACAC South Fork Soccer Park (SFSP Field 5),Goochland Galaxy 07/08 Boys U12 Boys SCSL,SOCA Cville 07 Boys White U12 Boys SCSL,U12,Boys
Booster Park #2,SVU U11B White U12 Boys SCSL,Orange Fire 06/07 Boys U12 Boys SCSL,U12,Boys
Zions Crossroads #2,FYSA U11 Boys U12 Boys SCSL,SVU U11B White U12 Boys SCSL,U12,Boys
SOCA-ACAC South Fork Soccer Park (SFSP Field 5),SOCA Cville 07 Boys Blue U12 Boys SCSL,SOCA Cville 07 Boys White U12 Boys SCSL,U12,Boys
Leakes Mill Park,Goochland Galaxy 07/08 Boys U12 Boys SCSL,Nelson U12 Boys U12 Boys SCSL,U12,Boys
William Monroe High School - Upper Field,GFC United U12 Boys U12 Boys SCSL,Orange Fire 06/07 Boys U12 Boys SCSL,U12,Boys
Zions Crossroads #2,Goochland Galaxy 07/08 Boys U12 Boys SCSL,FYSA U11 Boys U12 Boys SCSL,U12,Boys
Monger #4,SVU U11B White U12 Boys SCSL,SOCA Cville 07 Boys Blue U12 Boys SCSL,U12,Boys
William Monroe High School - Upper Field,GFC United U12 Boys U12 Boys SCSL,Nelson U12 Boys U12 Boys SCSL,U12,Boys
Leakes Mill Park,Goochland Galaxy 07/08 Boys U12 Boys SCSL,GFC United U12 Boys U12 Boys SCSL,U12,Boys
SOCA-ACAC South Fork Soccer Park (SFSP Field 5),Orange Fire 06/07 Boys U12 Boys SCSL,SOCA Cville 07 Boys White U12 Boys SCSL,U12,Boys
Monger #3,SOCA Cville 06 Boys White U12 Boys SCSL,SVU U12 Boys White U12 Boys SCSL,U12,Boys
Ridgeview #3,SOCA Cville 06 Boys Blue U12 Boys SCSL,SOCA Aug 07/06 Boys Classic U12 Boys SCSL,U12,Boys
SOCA-ACAC South Fork Soccer Park (SFSP Field 5),SOCA Cville 06 Boys Blue U12 Boys SCSL,CVU 07/06 Boys U12 Boys SCSL,U12,Boys
Ridgeview #3,SOCA Cville 06 Boys White U12 Boys SCSL,SOCA Aug 07/06 Boys Classic U12 Boys SCSL,U12,Boys
CVRSC #5,SVU U12 Boys White U12 Boys SCSL,CVU 07/06 Boys U12 Boys SCSL,U12,Boys
SOCA-ACAC South Fork Soccer Park (SFSP Field 5),SOCA Cville 06 Boys Blue U12 Boys SCSL,SOCA Cville 06 Boys White U12 Boys SCSL,U12,Boys
Monger #3,SOCA Aug 07/06 Boys Classic U12 Boys SCSL,SVU U12 Boys White U12 Boys SCSL,U12,Boys
SOCA-ACAC South Fork Soccer Park (SFSP Field 5),SOCA Cville 06 Boys White U12 Boys SCSL,CVU 07/06 Boys U12 Boys SCSL,U12,Boys
SOCA-ACAC South Fork Soccer Park (SFSP Field 5),SOCA Cville 06 Boys Blue U12 Boys SCSL,SOCA Aug 07/06 Boys Classic U12 Boys SCSL,U12,Boys
SOCA-ACAC South Fork Soccer Park (SFSP Field 5),SOCA Cville 06 Boys White U12 Boys SCSL,SVU U12 Boys White U12 Boys SCSL,U12,Boys
CVRSC #5,SOCA Aug 07/06 Boys Classic U12 Boys SCSL,CVU 07/06 Boys U12 Boys SCSL,U12,Boys
SOCA-ACAC South Fork Soccer Park (SFSP Field 5),SOCA Cville 06 Boys Blue U12 Boys SCSL,SVU U12 Boys White U12 Boys SCSL,U12,Boys
Monger #3,SVU U12 Boys White U12 Boys SCSL,CVU 07/06 Boys U12 Boys SCSL,U12,Boys
SOCA-ACAC South Fork Soccer Park (SFSP Field 5),SOCA Cville 06 Boys White U12 Boys SCSL,SOCA Aug 07/06 Boys Classic U12 Boys SCSL,U12,Boys
CVRSC #5,SOCA Cville 06 Boys Blue U12 Boys SCSL,CVU 07/06 Boys U12 Boys SCSL,U12,Boys
Monger #3,SOCA Cville 06 Boys Blue U12 Boys SCSL,SVU U12 Boys White U12 Boys SCSL,U12,Boys
Ridgeview #3,SOCA Aug 07/06 Boys Classic U12 Boys SCSL,CVU 07/06 Boys U12 Boys SCSL,U12,Boys
CVRSC #5,SOCA Cville 06 Boys White U12 Boys SCSL,CVU 07/06 Boys U12 Boys SCSL,U12,Boys
Ridgeview #3,SOCA Aug 07/06 Boys Classic U12 Boys SCSL,SVU U12 Boys White U12 Boys SCSL,U12,Boys
SOCA-ACAC South Fork Soccer Park (SFSP Field 5),SOCA Cville 06 Boys Blue U12 Boys SCSL,SOCA Cville 06 Boys White U12 Boys SCSL,U12,Boys
z - Augusta,SOCA Cville U12 Boys Premier U12 Boys SCSL,SOCA Augusta U12 Boys Premier U12 Boys SCSL,U12,Boys
z - New River United,NRU U12 Boys U12 Boys SCSL,CVU U12 Boys U12 Boys SCSL,U12,Boys
z - Charlottesville,SOCA Cville U12 Boys Premier U12 Boys SCSL,SVU U12 Boys U12 Boys SCSL,U12,Boys
z - Augusta,SOCA Augusta U12 Boys Premier U12 Boys SCSL,NRU U12 Boys U12 Boys SCSL,U12,Boys
z - Central Virginia United,CVU U12 Boys U12 Boys SCSL,Valley FC U12 Boys U12 Boys SCSL,U12,Boys
z - New River United,NRU U12 Boys U12 Boys SCSL,Valley FC U12 Boys U12 Boys SCSL,U12,Boys
z - Shenandoah Valley United,CVU U12 Boys U12 Boys SCSL,SVU U12 Boys U12 Boys SCSL,U12,Boys
z - New River United,SOCA Cville U12 Boys Premier U12 Boys SCSL,NRU U12 Boys U12 Boys SCSL,U12,Boys
z - Augusta,SOCA Augusta U12 Boys Premier U12 Boys SCSL,CVU U12 Boys U12 Boys SCSL,U12,Boys
z - Valley AFC,SVU U12 Boys U12 Boys SCSL,Valley FC U12 Boys U12 Boys SCSL,U12,Boys
z - New River United,NRU U12 Boys U12 Boys SCSL,SVU U12 Boys U12 Boys SCSL,U12,Boys
z - Valley AFC,SOCA Cville U12 Boys Premier U12 Boys SCSL,Valley FC U12 Boys U12 Boys SCSL,U12,Boys
z - Shenandoah Valley United,SOCA Augusta U12 Boys Premier U12 Boys SCSL,SVU U12 Boys U12 Boys SCSL,U12,Boys
z - Charlottesville,SOCA Cville U12 Boys Premier U12 Boys SCSL,NRU U12 Boys U12 Boys SCSL,U12,Boys
z - Central Virginia United,SOCA Augusta U12 Boys Premier U12 Boys SCSL,CVU U12 Boys U12 Boys SCSL,U12,Boys
z - Shenandoah Valley United,SVU U12 Boys U12 Boys SCSL,Valley FC U12 Boys U12 Boys SCSL,U12,Boys
z - Charlottesville,SOCA Cville U12 Boys Premier U12 Boys SCSL,SOCA Augusta U12 Boys Premier U12 Boys SCSL,U12,Boys
z - Shenandoah Valley United,SOCA Cville U12 Boys Premier U12 Boys SCSL,SVU U12 Boys U12 Boys SCSL,U12,Boys
z - Valley AFC,CVU U12 Boys U12 Boys SCSL,Valley FC U12 Boys U12 Boys SCSL,U12,Boys
z - Valley AFC,SOCA Augusta U12 Boys Premier U12 Boys SCSL,Valley FC U12 Boys U12 Boys SCSL,U12,Boys
z - Shenandoah Valley United,NRU U12 Boys U12 Boys SCSL,SVU U12 Boys U12 Boys SCSL,U12,Boys
z - Valley AFC,NRU U12 Boys U12 Boys SCSL,Valley FC U12 Boys U12 Boys SCSL,U12,Boys
z - Central Virginia United,CVU U12 Boys U12 Boys SCSL,SVU U12 Boys U12 Boys SCSL,U12,Boys
z - Central Virginia United,SOCA Cville U12 Boys Premier U12 Boys SCSL,CVU U12 Boys U12 Boys SCSL,U12,Boys
z - Charlottesville,SOCA Cville U12 Boys Premier U12 Boys SCSL,Valley FC U12 Boys U12 Boys SCSL,U12,Boys
z - Augusta,SOCA Augusta U12 Boys Premier U12 Boys SCSL,SVU U12 Boys U12 Boys SCSL,U12,Boys
z - Central Virginia United,NRU U12 Boys U12 Boys SCSL,CVU U12 Boys U12 Boys SCSL,U12,Boys
z - New River United,SOCA Augusta U12 Boys Premier U12 Boys SCSL,NRU U12 Boys U12 Boys SCSL,U12,Boys
z - Charlottesville,SOCA Cville U12 Boys Premier U12 Boys SCSL,CVU U12 Boys U12 Boys SCSL,U12,Boys
z - Augusta,SOCA Augusta U12 Boys Premier U12 Boys SCSL,Valley FC U12 Boys U12 Boys SCSL,U12,Boys
z - Augusta,SOCA Cville U13 Boys Premier U13 Boys SCSL,SOCA Augusta U13 Boys Premier U13 Boys SCSL,U13,Boys
z - New River United,CVU U13 Boys U13 Boys SCSL,NRU U13 Boys U13 Boys SCSL,U13,Boys
z - Charlottesville,SOCA Cville U13 Boys Premier U13 Boys SCSL,SVU U13 Boys U13 Boys SCSL,U13,Boys
z - Augusta,SOCA Augusta U13 Boys Premier U13 Boys SCSL,NRU U13 Boys U13 Boys SCSL,U13,Boys
z - Central Virginia United,CVU U13 Boys U13 Boys SCSL,Valley FC U13 Boys U13 Boys SCSL,U13,Boys
z - Shenandoah Valley United,CVU U13 Boys U13 Boys SCSL,SVU U13 Boys U13 Boys SCSL,U13,Boys
z - New River United,NRU U13 Boys U13 Boys SCSL,Valley FC U13 Boys U13 Boys SCSL,U13,Boys
z - New River United,SOCA Cville U13 Boys Premier U13 Boys SCSL,NRU U13 Boys U13 Boys SCSL,U13,Boys
z - Augusta,SOCA Augusta U13 Boys Premier U13 Boys SCSL,CVU U13 Boys U13 Boys SCSL,U13,Boys
z - Valley AFC,SVU U13 Boys U13 Boys SCSL,Valley FC U13 Boys U13 Boys SCSL,U13,Boys
z - New River United,SVU U13 Boys U13 Boys SCSL,NRU U13 Boys U13 Boys SCSL,U13,Boys
z - Valley AFC,SOCA Cville U13 Boys Premier U13 Boys SCSL,Valley FC U13 Boys U13 Boys SCSL,U13,Boys
z - Shenandoah Valley United,SOCA Augusta U13 Boys Premier U13 Boys SCSL,SVU U13 Boys U13 Boys SCSL,U13,Boys
z - Charlottesville,SOCA Cville U13 Boys Premier U13 Boys SCSL,NRU U13 Boys U13 Boys SCSL,U13,Boys
z - Central Virginia United,SOCA Augusta U13 Boys Premier U13 Boys SCSL,CVU U13 Boys U13 Boys SCSL,U13,Boys
z - Shenandoah Valley United,SVU U13 Boys U13 Boys SCSL,Valley FC U13 Boys U13 Boys SCSL,U13,Boys
z - Charlottesville,SOCA Cville U13 Boys Premier U13 Boys SCSL,SOCA Augusta U13 Boys Premier U13 Boys SCSL,U13,Boys
z - Shenandoah Valley United,SOCA Cville U13 Boys Premier U13 Boys SCSL,SVU U13 Boys U13 Boys SCSL,U13,Boys
z - Valley AFC,CVU U13 Boys U13 Boys SCSL,Valley FC U13 Boys U13 Boys SCSL,U13,Boys
z - Valley AFC,SOCA Augusta U13 Boys Premier U13 Boys SCSL,Valley FC U13 Boys U13 Boys SCSL,U13,Boys
z - Shenandoah Valley United,SVU U13 Boys U13 Boys SCSL,NRU U13 Boys U13 Boys SCSL,U13,Boys
z - Central Virginia United,CVU U13 Boys U13 Boys SCSL,SVU U13 Boys U13 Boys SCSL,U13,Boys
z - Valley AFC,NRU U13 Boys U13 Boys SCSL,Valley FC U13 Boys U13 Boys SCSL,U13,Boys
z - Central Virginia United,SOCA Cville U13 Boys Premier U13 Boys SCSL,CVU U13 Boys U13 Boys SCSL,U13,Boys
z - Charlottesville,SOCA Cville U13 Boys Premier U13 Boys SCSL,Valley FC U13 Boys U13 Boys SCSL,U13,Boys
z - Augusta,SOCA Augusta U13 Boys Premier U13 Boys SCSL,SVU U13 Boys U13 Boys SCSL,U13,Boys
z - Central Virginia United,CVU U13 Boys U13 Boys SCSL,NRU U13 Boys U13 Boys SCSL,U13,Boys
z - New River United,SOCA Augusta U13 Boys Premier U13 Boys SCSL,NRU U13 Boys U13 Boys SCSL,U13,Boys
z - Charlottesville,SOCA Cville U13 Boys Premier U13 Boys SCSL,CVU U13 Boys U13 Boys SCSL,U13,Boys
z - Augusta,SOCA Augusta U13 Boys Premier U13 Boys SCSL,Valley FC U13 Boys U13 Boys SCSL,U13,Boys
z - Charlottesville,SOCA Cville U14 Boys Premier U14 Boys SCSL,SOCA Cville U14 Boys Classic U14 Boys SCSL,U14,Boys
z - New River United,NRU U14 Boys White U14 Boys SCSL,CVU U14 Boys U14 Boys SCSL,U14,Boys
z - Charlottesville,SOCA Cville U14 Boys Premier U14 Boys SCSL,SVU U14 Boys U14 Boys SCSL,U14,Boys
z - Charlottesville,SOCA Cville U14 Boys Classic U14 Boys SCSL,NRU U14 Boys White U14 Boys SCSL,U14,Boys
z - Central Virginia United,CVU U14 Boys U14 Boys SCSL,Valley FC U14 Boys U14 Boys SCSL,U14,Boys
z - New River United,NRU U14 Boys White U14 Boys SCSL,Valley FC U14 Boys U14 Boys SCSL,U14,Boys
z - Shenandoah Valley United,CVU U14 Boys U14 Boys SCSL,SVU U14 Boys U14 Boys SCSL,U14,Boys
z - New River United,SOCA Cville U14 Boys Premier U14 Boys SCSL,NRU U14 Boys White U14 Boys SCSL,U14,Boys
z - Charlottesville,SOCA Cville U14 Boys Classic U14 Boys SCSL,CVU U14 Boys U14 Boys SCSL,U14,Boys
z - Valley AFC,SVU U14 Boys U14 Boys SCSL,Valley FC U14 Boys U14 Boys SCSL,U14,Boys
z - New River United,NRU U14 Boys White U14 Boys SCSL,SVU U14 Boys U14 Boys SCSL,U14,Boys
z - Valley AFC,SOCA Cville U14 Boys Premier U14 Boys SCSL,Valley FC U14 Boys U14 Boys SCSL,U14,Boys
z - Shenandoah Valley United,SOCA Cville U14 Boys Classic U14 Boys SCSL,SVU U14 Boys U14 Boys SCSL,U14,Boys
z - Charlottesville,SOCA Cville U14 Boys Premier U14 Boys SCSL,NRU U14 Boys White U14 Boys SCSL,U14,Boys
z - Central Virginia United,SOCA Cville U14 Boys Classic U14 Boys SCSL,CVU U14 Boys U14 Boys SCSL,U14,Boys
z - Shenandoah Valley United,SVU U14 Boys U14 Boys SCSL,Valley FC U14 Boys U14 Boys SCSL,U14,Boys
z - Charlottesville,SOCA Cville U14 Boys Premier U14 Boys SCSL,SOCA Cville U14 Boys Classic U14 Boys SCSL,U14,Boys
z - Shenandoah Valley United,SOCA Cville U14 Boys Premier U14 Boys SCSL,SVU U14 Boys U14 Boys SCSL,U14,Boys
z - Valley AFC,CVU U14 Boys U14 Boys SCSL,Valley FC U14 Boys U14 Boys SCSL,U14,Boys
z - Valley AFC,SOCA Cville U14 Boys Classic U14 Boys SCSL,Valley FC U14 Boys U14 Boys SCSL,U14,Boys
z - Shenandoah Valley United,NRU U14 Boys White U14 Boys SCSL,SVU U14 Boys U14 Boys SCSL,U14,Boys
z - Valley AFC,NRU U14 Boys White U14 Boys SCSL,Valley FC U14 Boys U14 Boys SCSL,U14,Boys
z - Central Virginia United,CVU U14 Boys U14 Boys SCSL,SVU U14 Boys U14 Boys SCSL,U14,Boys
z - Central Virginia United,SOCA Cville U14 Boys Premier U14 Boys SCSL,CVU U14 Boys U14 Boys SCSL,U14,Boys
z - Charlottesville,SOCA Cville U14 Boys Premier U14 Boys SCSL,Valley FC U14 Boys U14 Boys SCSL,U14,Boys
z - Charlottesville,SOCA Cville U14 Boys Classic U14 Boys SCSL,SVU U14 Boys U14 Boys SCSL,U14,Boys
z - Central Virginia United,NRU U14 Boys White U14 Boys SCSL,CVU U14 Boys U14 Boys SCSL,U14,Boys
z - New River United,SOCA Cville U14 Boys Classic U14 Boys SCSL,NRU U14 Boys White U14 Boys SCSL,U14,Boys
z - Charlottesville,SOCA Cville U14 Boys Premier U14 Boys SCSL,CVU U14 Boys U14 Boys SCSL,U14,Boys
z - Charlottesville,SOCA Cville U14 Boys Classic U14 Boys SCSL,Valley FC U14 Boys U14 Boys SCSL,U14,Boys
Ridgeview #2,SOCA Cville 05 Boys White U15 Boys SCSL,SOCA Aug 05/04 Boys Classic U15 Boys SCSL,U15,Boys
Hoover Ridge Red Barn,Madison U13 U15 Boys SCSL,Luray Valley U13 U15 Boys SCSL,U15,Boys
Trevilians Elementary #1,SOCA Cville 05 Boys Blue U15 Boys SCSL,Louisa FC U13/15 U15 Boys SCSL,U15,Boys
SOCA-ACAC South Fork Soccer Park (SFSP Field 2),SOCA Cville 05 Boys White U15 Boys SCSL,Luray Valley U13 U15 Boys SCSL,U15,Boys
Trevilians Elementary #1,Madison U13 U15 Boys SCSL,Louisa FC U13/15 U15 Boys SCSL,U15,Boys
Ridgeview #2,SOCA Cville 05 Boys Blue U15 Boys SCSL,SOCA Aug 05/04 Boys Classic U15 Boys SCSL,U15,Boys
SOCA-ACAC South Fork Soccer Park (SFSP Field 2),SOCA Cville 05 Boys Blue U15 Boys SCSL,Madison U13 U15 Boys SCSL,U15,Boys
Luray High School #1,Luray Valley U13 U15 Boys SCSL,SOCA Aug 05/04 Boys Classic U15 Boys SCSL,U15,Boys
SOCA-ACAC South Fork Soccer Park (SFSP Field 2),SOCA Cville 05 Boys White U15 Boys SCSL,Louisa FC U13/15 U15 Boys SCSL,U15,Boys
Luray High School #1,SOCA Cville 05 Boys Blue U15 Boys SCSL,Luray Valley U13 U15 Boys SCSL,U15,Boys
Hoover Ridge Red Barn,SOCA Cville 05 Boys White U15 Boys SCSL,Madison U13 U15 Boys SCSL,U15,Boys
Trevilians Elementary #1,Louisa FC U13/15 U15 Boys SCSL,SOCA Aug 05/04 Boys Classic U15 Boys SCSL,U15,Boys
SOCA-ACAC South Fork Soccer Park (SFSP Field 2),SOCA Cville 05 Boys Blue U15 Boys SCSL,SOCA Cville 05 Boys White U15 Boys SCSL,U15,Boys
Ridgeview #2,Madison U13 U15 Boys SCSL,SOCA Aug 05/04 Boys Classic U15 Boys SCSL,U15,Boys
Luray High School #1,Luray Valley U13 U15 Boys SCSL,Louisa FC U13/15 U15 Boys SCSL,U15,Boys
SOCA-ACAC South Fork Soccer Park (SFSP Field 2),SOCA Cville 05 Boys Blue U15 Boys SCSL,Louisa FC U13/15 U15 Boys SCSL,U15,Boys
Luray High School #1,Madison U13 U15 Boys SCSL,Luray Valley U13 U15 Boys SCSL,U15,Boys
SOCA-ACAC South Fork Soccer Park (SFSP Field 3),SOCA Cville 05 Boys White U15 Boys SCSL,SOCA Aug 05/04 Boys Classic U15 Boys SCSL,U15,Boys
SOCA-ACAC South Fork Soccer Park (SFSP Field 2),SOCA Cville 05 Boys Blue U15 Boys SCSL,SOCA Aug 05/04 Boys Classic U15 Boys SCSL,U15,Boys
Luray High School #1,SOCA Cville 05 Boys White U15 Boys SCSL,Luray Valley U13 U15 Boys SCSL,U15,Boys
Hoover Ridge Red Barn,Madison U13 U15 Boys SCSL,Louisa FC U13/15 U15 Boys SCSL,U15,Boys
VSDB #1,Luray Valley U13 U15 Boys SCSL,SOCA Aug 05/04 Boys Classic U15 Boys SCSL,U15,Boys
Trevilians Elementary #1,SOCA Cville 05 Boys White U15 Boys SCSL,Louisa FC U13/15 U15 Boys SCSL,U15,Boys
Hoover Ridge Large,SOCA Cville 05 Boys Blue U15 Boys SCSL,Madison U13 U15 Boys SCSL,U15,Boys
SOCA-ACAC South Fork Soccer Park (SFSP Field 2),SOCA Cville 05 Boys Blue U15 Boys SCSL,SOCA Cville 05 Boys White U15 Boys SCSL,U15,Boys
Hoover Ridge Large,Madison U13 U15 Boys SCSL,SOCA Aug 05/04 Boys Classic U15 Boys SCSL,U15,Boys
z - Charlottesville,SOCA Cville 05 Boys White U15 Boys SCSL,Madison U13 U15 Boys SCSL,U15,Boys
Trevilians Elementary #1,Luray Valley U13 U15 Boys SCSL,Louisa FC U13/15 U15 Boys SCSL,U15,Boys
z - Charlottesville,SOCA Cville 05 Boys Blue U15 Boys SCSL,Luray Valley U13 U15 Boys SCSL,U15,Boys
Ridgeview #1,Louisa FC U13/15 U15 Boys SCSL,SOCA Aug 05/04 Boys Classic U15 Boys SCSL,U15,Boys
Zions Crossroads #1,FYSA U14 Boys U15 Boys SCSL,Nelson U15 Boys U15 Boys SCSL,U15,Boys
Greene County Community Park (GCCP) Rear,Madison U15 Boys U15 Boys SCSL,GFC United U14 Boys U15 Boys SCSL,U15,Boys
Greene County Community Park (GCCP) Rear,Orange Fire 05/04 Boys U15 Boys SCSL,GFC United U14 Boys U15 Boys SCSL,U15,Boys
Hoover Ridge Large,Madison U15 Boys U15 Boys SCSL,Nelson U15 Boys U15 Boys SCSL,U15,Boys
Booster Park #1,FYSA U14 Boys U15 Boys SCSL,Orange Fire 05/04 Boys U15 Boys SCSL,U15,Boys
Rockfish River ES,GFC United U14 Boys U15 Boys SCSL,Nelson U15 Boys U15 Boys SCSL,U15,Boys
Booster Park #1,Madison U15 Boys U15 Boys SCSL,Orange Fire 05/04 Boys U15 Boys SCSL,U15,Boys
Zions Crossroads #1,FYSA U14 Boys U15 Boys SCSL,GFC United U14 Boys U15 Boys SCSL,U15,Boys
Booster Park #1,Orange Fire 05/04 Boys U15 Boys SCSL,Nelson U15 Boys U15 Boys SCSL,U15,Boys
Hoover Ridge Large,FYSA U14 Boys U15 Boys SCSL,Madison U15 Boys U15 Boys SCSL,U15,Boys
Rockfish River ES,Orange Fire 05/04 Boys U15 Boys SCSL,Nelson U15 Boys U15 Boys SCSL,U15,Boys
Hoover Ridge Large,Madison U15 Boys U15 Boys SCSL,Orange Fire 05/04 Boys U15 Boys SCSL,U15,Boys
Greene County Community Park (GCCP) Rear,FYSA U14 Boys U15 Boys SCSL,GFC United U14 Boys U15 Boys SCSL,U15,Boys
Booster Park #1,Orange Fire 05/04 Boys U15 Boys SCSL,GFC United U14 Boys U15 Boys SCSL,U15,Boys
Rockfish River ES,Madison U15 Boys U15 Boys SCSL,Nelson U15 Boys U15 Boys SCSL,U15,Boys
Zions Crossroads #1,FYSA U14 Boys U15 Boys SCSL,Orange Fire 05/04 Boys U15 Boys SCSL,U15,Boys
Greene County Community Park (GCCP) Rear,GFC United U14 Boys U15 Boys SCSL,Nelson U15 Boys U15 Boys SCSL,U15,Boys
Rockfish River ES,FYSA U14 Boys U15 Boys SCSL,Nelson U15 Boys U15 Boys SCSL,U15,Boys
Hoover Ridge Large,Madison U15 Boys U15 Boys SCSL,GFC United U14 Boys U15 Boys SCSL,U15,Boys
Zions Crossroads #1,FYSA U14 Boys U15 Boys SCSL,Madison U15 Boys U15 Boys SCSL,U15,Boys
z - Augusta,SOCA Cville U15 Boys Premier U15 Boys SCSL,SOCA Augusta U15 Boys Premier U15 Boys SCSL,U15,Boys
z - New River United,NRU U14 Boys Blue U15 Boys SCSL,CVU U15 Boys Premier U15 Boys SCSL,U15,Boys
z - Charlottesville,SOCA Cville U15 Boys Premier U15 Boys SCSL,SVU U15 Boys U15 Boys SCSL,U15,Boys
z - Augusta,SOCA Augusta U15 Boys Premier U15 Boys SCSL,NRU U14 Boys Blue U15 Boys SCSL,U15,Boys
z - Central Virginia United,CVU U15 Boys Premier U15 Boys SCSL,Valley FC U15 Boys U15 Boys SCSL,U15,Boys
z - New River United,NRU U14 Boys Blue U15 Boys SCSL,Valley FC U15 Boys U15 Boys SCSL,U15,Boys
z - Shenandoah Valley United,CVU U15 Boys Premier U15 Boys SCSL,SVU U15 Boys U15 Boys SCSL,U15,Boys
z - New River United,SOCA Cville U15 Boys Premier U15 Boys SCSL,NRU U14 Boys Blue U15 Boys SCSL,U15,Boys
z - Augusta,SOCA Augusta U15 Boys Premier U15 Boys SCSL,CVU U15 Boys Premier U15 Boys SCSL,U15,Boys
z - Valley AFC,SVU U15 Boys U15 Boys SCSL,Valley FC U15 Boys U15 Boys SCSL,U15,Boys
z - New River United,NRU U14 Boys Blue U15 Boys SCSL,SVU U15 Boys U15 Boys SCSL,U15,Boys
z - Valley AFC,SOCA Cville U15 Boys Premier U15 Boys SCSL,Valley FC U15 Boys U15 Boys SCSL,U15,Boys
z - Shenandoah Valley United,SOCA Augusta U15 Boys Premier U15 Boys SCSL,SVU U15 Boys U15 Boys SCSL,U15,Boys
z - Charlottesville,SOCA Cville U15 Boys Premier U15 Boys SCSL,NRU U14 Boys Blue U15 Boys SCSL,U15,Boys
z - Central Virginia United,SOCA Augusta U15 Boys Premier U15 Boys SCSL,CVU U15 Boys Premier U15 Boys SCSL,U15,Boys
z - Shenandoah Valley United,SVU U15 Boys U15 Boys SCSL,Valley FC U15 Boys U15 Boys SCSL,U15,Boys
z - Charlottesville,SOCA Cville U15 Boys Premier U15 Boys SCSL,SOCA Augusta U15 Boys Premier U15 Boys SCSL,U15,Boys
z - Shenandoah Valley United,SOCA Cville U15 Boys Premier U15 Boys SCSL,SVU U15 Boys U15 Boys SCSL,U15,Boys
z - Valley AFC,CVU U15 Boys Premier U15 Boys SCSL,Valley FC U15 Boys U15 Boys SCSL,U15,Boys
z - Valley AFC,SOCA Augusta U15 Boys Premier U15 Boys SCSL,Valley FC U15 Boys U15 Boys SCSL,U15,Boys
z - Shenandoah Valley United,NRU U14 Boys Blue U15 Boys SCSL,SVU U15 Boys U15 Boys SCSL,U15,Boys
z - Valley AFC,NRU U14 Boys Blue U15 Boys SCSL,Valley FC U15 Boys U15 Boys SCSL,U15,Boys
z - Central Virginia United,CVU U15 Boys Premier U15 Boys SCSL,SVU U15 Boys U15 Boys SCSL,U15,Boys
z - Central Virginia United,SOCA Cville U15 Boys Premier U15 Boys SCSL,CVU U15 Boys Premier U15 Boys SCSL,U15,Boys
z - Charlottesville,SOCA Cville U15 Boys Premier U15 Boys SCSL,Valley FC U15 Boys U15 Boys SCSL,U15,Boys
z - Augusta,SOCA Augusta U15 Boys Premier U15 Boys SCSL,SVU U15 Boys U15 Boys SCSL,U15,Boys
z - Central Virginia United,NRU U14 Boys Blue U15 Boys SCSL,CVU U15 Boys Premier U15 Boys SCSL,U15,Boys
z - New River United,SOCA Augusta U15 Boys Premier U15 Boys SCSL,NRU U14 Boys Blue U15 Boys SCSL,U15,Boys
z - Charlottesville,SOCA Cville U15 Boys Premier U15 Boys SCSL,CVU U15 Boys Premier U15 Boys SCSL,U15,Boys
z - Augusta,SOCA Augusta U15 Boys Premier U15 Boys SCSL,Valley FC U15 Boys U15 Boys SCSL,U15,Boys
Booster Park #1,Orange Fire 03/02 Boys U16 Boys SCSL,CVU 03/02 Boys Red U16 Boys SCSL,U16,Boys
Zions Crossroads #1,SOCA Cville 03 Boys White U16 Boys SCSL,FYSA U16 Boys U16 Boys SCSL,U16,Boys
Booster Park #1,SOCA Cville 03 Boys White U16 Boys SCSL,Orange Fire 03/02 Boys U16 Boys SCSL,U16,Boys
CVRSC #7,SOCA Cville 03 Boys Blue U16 Boys SCSL,CVU 03/02 Boys Red U16 Boys SCSL,U16,Boys
SOCA-ACAC South Fork Soccer Park (SFSP Field 2),SOCA Cville 03 Boys White U16 Boys SCSL,CVU 03/02 Boys Red U16 Boys SCSL,U16,Boys
SOCA-ACAC South Fork Soccer Park (SFSP Field 2),SOCA Cville 03 Boys Blue U16 Boys SCSL,FYSA U16 Boys U16 Boys SCSL,U16,Boys
CVRSC #6,FYSA U16 Boys U16 Boys SCSL,CVU 03/02 Boys Red U16 Boys SCSL,U16,Boys
SOCA-ACAC South Fork Soccer Park (SFSP Field 2),SOCA Cville 03 Boys Blue U16 Boys SCSL,Orange Fire 03/02 Boys U16 Boys SCSL,U16,Boys
SOCA-ACAC South Fork Soccer Park (SFSP Field 2),SOCA Cville 03 Boys Blue U16 Boys SCSL,SOCA Cville 03 Boys White U16 Boys SCSL,U16,Boys
CVRSC #7,Orange Fire 03/02 Boys U16 Boys SCSL,CVU 03/02 Boys Red U16 Boys SCSL,U16,Boys
SOCA-ACAC South Fork Soccer Park (SFSP Field 2),SOCA Cville 03 Boys White U16 Boys SCSL,FYSA U16 Boys U16 Boys SCSL,U16,Boys
Booster Park #1,SOCA Cville 03 Boys Blue U16 Boys SCSL,Orange Fire 03/02 Boys U16 Boys SCSL,U16,Boys
SOCA-ACAC South Fork Soccer Park (SFSP Field 2),SOCA Cville 03 Boys White U16 Boys SCSL,Orange Fire 03/02 Boys U16 Boys SCSL,U16,Boys
SOCA-ACAC South Fork Soccer Park (SFSP Field 2),SOCA Cville 03 Boys Blue U16 Boys SCSL,CVU 03/02 Boys Red U16 Boys SCSL,U16,Boys
Zions Crossroads #1,FYSA U16 Boys U16 Boys SCSL,Orange Fire 03/02 Boys U16 Boys SCSL,U16,Boys
Booster Park #1,FYSA U16 Boys U16 Boys SCSL,Orange Fire 03/02 Boys U16 Boys SCSL,U16,Boys
Zions Crossroads #1,SOCA Cville 03 Boys Blue U16 Boys SCSL,FYSA U16 Boys U16 Boys SCSL,U16,Boys
CVRSC #7,SOCA Cville 03 Boys White U16 Boys SCSL,CVU 03/02 Boys Red U16 Boys SCSL,U16,Boys
Zions Crossroads #1,FYSA U16 Boys U16 Boys SCSL,CVU 03/02 Boys Red U16 Boys SCSL,U16,Boys
SOCA-ACAC South Fork Soccer Park (SFSP Field 2),SOCA Cville 03 Boys Blue U16 Boys SCSL,SOCA Cville 03 Boys White U16 Boys SCSL,U16,Boys
z - Augusta,SOCA Cville U16 Boys Premier U17 Boys SCSL,SOCA Augusta U16/17 Boys Premier U17 Boys SCSL,U17,Boys
z - New River United,NRU U15 Boys Premier U17 Boys SCSL,CVU U16 Boys U17 Boys SCSL,U17,Boys
z - Charlottesville,SOCA Cville U16 Boys Premier U17 Boys SCSL,SVU U16/17 Boys U17 Boys SCSL,U17,Boys
z - Central Virginia United,CVU U16 Boys U17 Boys SCSL,Valley FC U16 Boys U17 Boys SCSL,U17,Boys
z - New River United,NRU U15 Boys Premier U17 Boys SCSL,Valley FC U16 Boys U17 Boys SCSL,U17,Boys
z - Shenandoah Valley United,CVU U16 Boys U17 Boys SCSL,SVU U16/17 Boys U17 Boys SCSL,U17,Boys
z - New River United,SOCA Cville U16 Boys Premier U17 Boys SCSL,NRU U15 Boys Premier U17 Boys SCSL,U17,Boys
z - Augusta,SOCA Augusta U16/17 Boys Premier U17 Boys SCSL,CVU U16 Boys U17 Boys SCSL,U17,Boys
z - Valley AFC,SVU U16/17 Boys U17 Boys SCSL,Valley FC U16 Boys U17 Boys SCSL,U17,Boys
z - New River United,NRU U15 Boys Premier U17 Boys SCSL,SVU U16/17 Boys U17 Boys SCSL,U17,Boys
z - Valley AFC,SOCA Cville U16 Boys Premier U17 Boys SCSL,Valley FC U16 Boys U17 Boys SCSL,U17,Boys
z - Shenandoah Valley United,SOCA Augusta U16/17 Boys Premier U17 Boys SCSL,SVU U16/17 Boys U17 Boys SCSL,U17,Boys
z - Charlottesville,SOCA Cville U16 Boys Premier U17 Boys SCSL,NRU U15 Boys Premier U17 Boys SCSL,U17,Boys
z - Central Virginia United,SOCA Augusta U16/17 Boys Premier U17 Boys SCSL,CVU U16 Boys U17 Boys SCSL,U17,Boys
z - Shenandoah Valley United,SVU U16/17 Boys U17 Boys SCSL,Valley FC U16 Boys U17 Boys SCSL,U17,Boys
z - Augusta,SOCA Augusta U16/17 Boys Premier U17 Boys SCSL,NRU U15 Boys Premier U17 Boys SCSL,U17,Boys
z - Charlottesville,SOCA Cville U16 Boys Premier U17 Boys SCSL,SOCA Augusta U16/17 Boys Premier U17 Boys SCSL,U17,Boys
z - Valley AFC,CVU U16 Boys U17 Boys SCSL,Valley FC U16 Boys U17 Boys SCSL,U17,Boys
z - Valley AFC,SOCA Augusta U16/17 Boys Premier U17 Boys SCSL,Valley FC U16 Boys U17 Boys SCSL,U17,Boys
z - Shenandoah Valley United,NRU U15 Boys Premier U17 Boys SCSL,SVU U16/17 Boys U17 Boys SCSL,U17,Boys
z - Valley AFC,NRU U15 Boys Premier U17 Boys SCSL,Valley FC U16 Boys U17 Boys SCSL,U17,Boys
z - Central Virginia United,CVU U16 Boys U17 Boys SCSL,SVU U16/17 Boys U17 Boys SCSL,U17,Boys
z - Central Virginia United,SOCA Cville U16 Boys Premier U17 Boys SCSL,CVU U16 Boys U17 Boys SCSL,U17,Boys
z - Charlottesville,SOCA Cville U16 Boys Premier U17 Boys SCSL,Valley FC U16 Boys U17 Boys SCSL,U17,Boys
z - Augusta,SOCA Augusta U16/17 Boys Premier U17 Boys SCSL,SVU U16/17 Boys U17 Boys SCSL,U17,Boys
z - Central Virginia United,NRU U15 Boys Premier U17 Boys SCSL,CVU U16 Boys U17 Boys SCSL,U17,Boys
z - New River United,SOCA Augusta U16/17 Boys Premier U17 Boys SCSL,NRU U15 Boys Premier U17 Boys SCSL,U17,Boys
z - Charlottesville,SOCA Cville U16 Boys Premier U17 Boys SCSL,CVU U16 Boys U17 Boys SCSL,U17,Boys
z - Augusta,SOCA Augusta U16/17 Boys Premier U17 Boys SCSL,Valley FC U16 Boys U17 Boys SCSL,U17,Boys
z - Shenandoah Valley United,SOCA Cville U16 Boys Premier U17 Boys SCSL,SVU U16/17 Boys U17 Boys SCSL,U17,Boys
z - New River United,SOCA Cville U19 Boys Premier U19 Boys SCSL,NRU U19 Boys Premier U19 Boys SCSL,U19,Boys
z - New River United,NRU U17 Boys Premier U19 Boys SCSL,CVU U18 Boys U19 Boys SCSL,U19,Boys
z - Charlottesville,SOCA Cville U19 Boys Premier U19 Boys SCSL,SVU U19 Boys U19 Boys SCSL,U19,Boys
z - Central Virginia United,CVU U18 Boys U19 Boys SCSL,Valley FC U19 Boys U19 Boys SCSL,U19,Boys
z - New River United,NRU U17 Boys Premier U19 Boys SCSL,Valley FC U19 Boys U19 Boys SCSL,U19,Boys
z - Shenandoah Valley United,CVU U18 Boys U19 Boys SCSL,SVU U19 Boys U19 Boys SCSL,U19,Boys
z - New River United,SOCA Cville U19 Boys Premier U19 Boys SCSL,NRU U17 Boys Premier U19 Boys SCSL,U19,Boys
z - Valley AFC,SVU U19 Boys U19 Boys SCSL,Valley FC U19 Boys U19 Boys SCSL,U19,Boys
z - New River United,NRU U19 Boys Premier U19 Boys SCSL,SVU U19 Boys U19 Boys SCSL,U19,Boys
z - New River United,NRU U17 Boys Premier U19 Boys SCSL,SVU U19 Boys U19 Boys SCSL,U19,Boys
z - Valley AFC,SOCA Cville U19 Boys Premier U19 Boys SCSL,Valley FC U19 Boys U19 Boys SCSL,U19,Boys
z - Shenandoah Valley United,NRU U19 Boys Premier U19 Boys SCSL,SVU U19 Boys U19 Boys SCSL,U19,Boys
z - New River United,NRU U19 Boys Premier U19 Boys SCSL,CVU U18 Boys U19 Boys SCSL,U19,Boys
z - Charlottesville,SOCA Cville U19 Boys Premier U19 Boys SCSL,NRU U17 Boys Premier U19 Boys SCSL,U19,Boys
z - Shenandoah Valley United,SVU U19 Boys U19 Boys SCSL,Valley FC U19 Boys U19 Boys SCSL,U19,Boys
z - Charlottesville,SOCA Cville U19 Boys Premier U19 Boys SCSL,NRU U19 Boys Premier U19 Boys SCSL,U19,Boys
z - Valley AFC,CVU U18 Boys U19 Boys SCSL,Valley FC U19 Boys U19 Boys SCSL,U19,Boys
z - Valley AFC,NRU U19 Boys Premier U19 Boys SCSL,Valley FC U19 Boys U19 Boys SCSL,U19,Boys
z - Shenandoah Valley United,NRU U17 Boys Premier U19 Boys SCSL,SVU U19 Boys U19 Boys SCSL,U19,Boys
z - Valley AFC,NRU U17 Boys Premier U19 Boys SCSL,Valley FC U19 Boys U19 Boys SCSL,U19,Boys
z - Central Virginia United,CVU U18 Boys U19 Boys SCSL,SVU U19 Boys U19 Boys SCSL,U19,Boys
z - Central Virginia United,SOCA Cville U19 Boys Premier U19 Boys SCSL,CVU U18 Boys U19 Boys SCSL,U19,Boys
z - Charlottesville,SOCA Cville U19 Boys Premier U19 Boys SCSL,Valley FC U19 Boys U19 Boys SCSL,U19,Boys
z - Central Virginia United,NRU U17 Boys Premier U19 Boys SCSL,CVU U18 Boys U19 Boys SCSL,U19,Boys
z - New River United,NRU U19 Boys Premier U19 Boys SCSL,NRU U17 Boys Premier U19 Boys SCSL,U19,Boys
z - Charlottesville,SOCA Cville U19 Boys Premier U19 Boys SCSL,CVU U18 Boys U19 Boys SCSL,U19,Boys
z - New River United,NRU U19 Boys Premier U19 Boys SCSL,Valley FC U19 Boys U19 Boys SCSL,U19,Boys
z - Shenandoah Valley United,SOCA Cville U19 Boys Premier U19 Boys SCSL,SVU U19 Boys U19 Boys SCSL,U19,Boys
z - Central Virginia United,NRU U19 Boys Premier U19 Boys SCSL,CVU U18 Boys U19 Boys SCSL,U19,Boys
z - New River United,NRU U19 Boys Premier U19 Boys SCSL,NRU U17 Boys Premier U19 Boys SCSL,U19,Boys
z - Augusta,SOCA Cville U17 Boys Premier U19 Boys SCSL,SOCA Augusta U18/19 Boys Premier U19 Boys SCSL,U19,Boys
z - New River United,NRU U16 Boys U19 Boys SCSL,CVU U17 Boys U19 Boys SCSL,U19,Boys
z - Charlottesville,SOCA Cville U17 Boys Premier U19 Boys SCSL,FYSA U17 Boys U19 Boys SCSL,U19,Boys
z - Augusta,SOCA Augusta U18/19 Boys Premier U19 Boys SCSL,NRU U16 Boys U19 Boys SCSL,U19,Boys
z - Central Virginia United,CVU U17 Boys U19 Boys SCSL,Valley FC U17 Boys U19 Boys SCSL,U19,Boys
z - New River United,NRU U16 Boys U19 Boys SCSL,Valley FC U17 Boys U19 Boys SCSL,U19,Boys
z - Fluvanna Force,CVU U17 Boys U19 Boys SCSL,FYSA U17 Boys U19 Boys SCSL,U19,Boys
z - New River United,SOCA Cville U17 Boys Premier U19 Boys SCSL,NRU U16 Boys U19 Boys SCSL,U19,Boys
z - Augusta,SOCA Augusta U18/19 Boys Premier U19 Boys SCSL,CVU U17 Boys U19 Boys SCSL,U19,Boys
z - Valley AFC,FYSA U17 Boys U19 Boys SCSL,Valley FC U17 Boys U19 Boys SCSL,U19,Boys
z - New River United,NRU U16 Boys U19 Boys SCSL,FYSA U17 Boys U19 Boys SCSL,U19,Boys
z - Valley AFC,SOCA Cville U17 Boys Premier U19 Boys SCSL,Valley FC U17 Boys U19 Boys SCSL,U19,Boys
z - Charlottesville,SOCA Cville U17 Boys Premier U19 Boys SCSL,NRU U16 Boys U19 Boys SCSL,U19,Boys
z - Central Virginia United,SOCA Augusta U18/19 Boys Premier U19 Boys SCSL,CVU U17 Boys U19 Boys SCSL,U19,Boys
z - Fluvanna Force,FYSA U17 Boys U19 Boys SCSL,Valley FC U17 Boys U19 Boys SCSL,U19,Boys
z - Fluvanna Force,SOCA Augusta U18/19 Boys Premier U19 Boys SCSL,FYSA U17 Boys U19 Boys SCSL,U19,Boys
z - Charlottesville,SOCA Cville U17 Boys Premier U19 Boys SCSL,SOCA Augusta U18/19 Boys Premier U19 Boys SCSL,U19,Boys
z - Fluvanna Force,SOCA Cville U17 Boys Premier U19 Boys SCSL,FYSA U17 Boys U19 Boys SCSL,U19,Boys
z - Valley AFC,SOCA Augusta U18/19 Boys Premier U19 Boys SCSL,Valley FC U17 Boys U19 Boys SCSL,U19,Boys
z - Fluvanna Force,NRU U16 Boys U19 Boys SCSL,FYSA U17 Boys U19 Boys SCSL,U19,Boys
z - Valley AFC,NRU U16 Boys U19 Boys SCSL,Valley FC U17 Boys U19 Boys SCSL,U19,Boys
z - Central Virginia United,SOCA Cville U17 Boys Premier U19 Boys SCSL,CVU U17 Boys U19 Boys SCSL,U19,Boys
z - Charlottesville,SOCA Cville U17 Boys Premier U19 Boys SCSL,Valley FC U17 Boys U19 Boys SCSL,U19,Boys
z - Augusta,SOCA Augusta U18/19 Boys Premier U19 Boys SCSL,FYSA U17 Boys U19 Boys SCSL,U19,Boys
z - Central Virginia United,NRU U16 Boys U19 Boys SCSL,CVU U17 Boys U19 Boys SCSL,U19,Boys
z - New River United,SOCA Augusta U18/19 Boys Premier U19 Boys SCSL,NRU U16 Boys U19 Boys SCSL,U19,Boys
z - Charlottesville,SOCA Cville U17 Boys Premier U19 Boys SCSL,CVU U17 Boys U19 Boys SCSL,U19,Boys
z - Augusta,SOCA Augusta U18/19 Boys Premier U19 Boys SCSL,Valley FC U17 Boys U19 Boys SCSL,U19,Boys
z - Central Virginia United,CVU U17 Boys U19 Boys SCSL,FYSA U17 Boys U19 Boys SCSL,U19,Boys
z - Valley AFC,CVU U17 Boys U19 Boys SCSL,Valley FC U17 Boys U19 Boys SCSL,U19,Boys
Luray High School #1,FSCI Academy FC Fury U17 U19 Boys SCSL,Luray Valley U19 Boys U19 Boys SCSL,U19,Boys
Vinyard East #4,GFC Dynamo U19 Boys U19 Boys SCSL,Valley FC U19B Black U19 Boys SCSL,U19,Boys
Hoover Ridge Large,SOCA Cville 01 Boys Classic U19 Boys SCSL,Madison U18B U19 Boys SCSL,U19,Boys
SOCA-ACAC South Fork Soccer Park (SFSP Field 2),SOCA Cville 01 Boys Classic U19 Boys SCSL,Luray Valley U19 Boys U19 Boys SCSL,U19,Boys
Patriot Park #5,FSCI Academy FC Fury U17 U19 Boys SCSL,GFC Dynamo U19 Boys U19 Boys SCSL,U19,Boys
Hoover Ridge Large,Valley FC U19B Black U19 Boys SCSL,Madison U18B U19 Boys SCSL,U19,Boys
SOCA-ACAC South Fork Soccer Park (SFSP Field 3),SOCA Cville 01 Boys Classic U19 Boys SCSL,Valley FC U19B Black U19 Boys SCSL,U19,Boys
Greene County Community Park (GCCP) Rear,GFC Dynamo U19 Boys U19 Boys SCSL,Luray Valley U19 Boys U19 Boys SCSL,U19,Boys
Patriot Park #5,FSCI Academy FC Fury U17 U19 Boys SCSL,Madison U18B U19 Boys SCSL,U19,Boys
SOCA-ACAC South Fork Soccer Park (SFSP Field 3),SOCA Cville 01 Boys Classic U19 Boys SCSL,FSCI Academy FC Fury U17 U19 Boys SCSL,U19,Boys
Greene County Community Park (GCCP) Rear,SOCA Cville 01 Boys Classic U19 Boys SCSL,GFC Dynamo U19 Boys U19 Boys SCSL,U19,Boys
Vinyard East #4,FSCI Academy FC Fury U17 U19 Boys SCSL,Valley FC U19B Black U19 Boys SCSL,U19,Boys
Hoover Ridge Large,Luray Valley U19 Boys U19 Boys SCSL,Madison U18B U19 Boys SCSL,U19,Boys
Luray High School #1,SOCA Cville 01 Boys Classic U19 Boys SCSL,Luray Valley U19 Boys U19 Boys SCSL,U19,Boys
SOCA-ACAC South Fork Soccer Park (SFSP Field 3),SOCA Cville 01 Boys Classic U19 Boys SCSL,Madison U18B U19 Boys SCSL,U19,Boys
Greene County Community Park (GCCP) Rear,GFC Dynamo U19 Boys U19 Boys SCSL,Valley FC U19B Black U19 Boys SCSL,U19,Boys
Luray High School #1,Luray Valley U19 Boys U19 Boys SCSL,Valley FC U19B Black U19 Boys SCSL,U19,Boys
Hoover Ridge Large,GFC Dynamo U19 Boys U19 Boys SCSL,Madison U18B U19 Boys SCSL,U19,Boys
Vinyard East #4,Valley FC U19B Black U19 Boys SCSL,Madison U18B U19 Boys SCSL,U19,Boys
Greene County Community Park (GCCP) Rear,FSCI Academy FC Fury U17 U19 Boys SCSL,GFC Dynamo U19 Boys U19 Boys SCSL,U19,Boys
Luray High School #1,GFC Dynamo U19 Boys U19 Boys SCSL,Luray Valley U19 Boys U19 Boys SCSL,U19,Boys
Vinyard East #4,SOCA Cville 01 Boys Classic U19 Boys SCSL,Valley FC U19B Black U19 Boys SCSL,U19,Boys
Hoover Ridge Large,FSCI Academy FC Fury U17 U19 Boys SCSL,Madison U18B U19 Boys SCSL,U19,Boys
Greene County Community Park (GCCP) Rear,GFC Dynamo U19 Boys U19 Boys SCSL,Madison U18B U19 Boys SCSL,U19,Boys
Vinyard East #4,Luray Valley U19 Boys U19 Boys SCSL,Valley FC U19B Black U19 Boys SCSL,U19,Boys
Patriot Park #5,SOCA Cville 01 Boys Classic U19 Boys SCSL,FSCI Academy FC Fury U17 U19 Boys SCSL,U19,Boys
Patriot Park #5,FSCI Academy FC Fury U17 U19 Boys SCSL,Valley FC U19B Black U19 Boys SCSL,U19,Boys
SOCA-ACAC South Fork Soccer Park (SFSP Field 3),SOCA Cville 01 Boys Classic U19 Boys SCSL,GFC Dynamo U19 Boys U19 Boys SCSL,U19,Boys
Luray High School #1,Luray Valley U19 Boys U19 Boys SCSL,Madison U18B U19 Boys SCSL,U19,Boys
Patriot Park #5,FSCI Academy FC Fury U17 U19 Boys SCSL,Luray Valley U19 Boys U19 Boys SCSL,U19,Boys
z - Augusta,SOCA Cville U12 Girls Premier U12 Girls SCSL,SOCA Augusta U12 Girls Premier U12 Girls SCSL,U12,Girls
z - New River United,NRU U12 Girls U12 Girls SCSL,CVU U12 Girls U12 Girls SCSL,U12,Girls
z - Charlottesville,SOCA Cville U12 Girls Premier U12 Girls SCSL,SVU U12 Girls U12 Girls SCSL,U12,Girls
z - Augusta,SOCA Augusta U12 Girls Premier U12 Girls SCSL,NRU U12 Girls U12 Girls SCSL,U12,Girls
z - Central Virginia United,CVU U12 Girls U12 Girls SCSL,Valley FC U12 Girls U12 Girls SCSL,U12,Girls
z - New River United,NRU U12 Girls U12 Girls SCSL,Valley FC U12 Girls U12 Girls SCSL,U12,Girls
z - Shenandoah Valley United,CVU U12 Girls U12 Girls SCSL,SVU U12 Girls U12 Girls SCSL,U12,Girls
z - New River United,SOCA Cville U12 Girls Premier U12 Girls SCSL,NRU U12 Girls U12 Girls SCSL,U12,Girls
z - Augusta,SOCA Augusta U12 Girls Premier U12 Girls SCSL,CVU U12 Girls U12 Girls SCSL,U12,Girls
z - Valley AFC,SVU U12 Girls U12 Girls SCSL,Valley FC U12 Girls U12 Girls SCSL,U12,Girls
z - New River United,NRU U12 Girls U12 Girls SCSL,SVU U12 Girls U12 Girls SCSL,U12,Girls
z - Valley AFC,SOCA Cville U12 Girls Premier U12 Girls SCSL,Valley FC U12 Girls U12 Girls SCSL,U12,Girls
z - Shenandoah Valley United,SOCA Augusta U12 Girls Premier U12 Girls SCSL,SVU U12 Girls U12 Girls SCSL,U12,Girls
z - Charlottesville,SOCA Cville U12 Girls Premier U12 Girls SCSL,NRU U12 Girls U12 Girls SCSL,U12,Girls
z - Central Virginia United,SOCA Augusta U12 Girls Premier U12 Girls SCSL,CVU U12 Girls U12 Girls SCSL,U12,Girls
z - Shenandoah Valley United,SVU U12 Girls U12 Girls SCSL,Valley FC U12 Girls U12 Girls SCSL,U12,Girls
z - Charlottesville,SOCA Cville U12 Girls Premier U12 Girls SCSL,SOCA Augusta U12 Girls Premier U12 Girls SCSL,U12,Girls
z - Shenandoah Valley United,SOCA Cville U12 Girls Premier U12 Girls SCSL,SVU U12 Girls U12 Girls SCSL,U12,Girls
z - Valley AFC,CVU U12 Girls U12 Girls SCSL,Valley FC U12 Girls U12 Girls SCSL,U12,Girls
z - Valley AFC,SOCA Augusta U12 Girls Premier U12 Girls SCSL,Valley FC U12 Girls U12 Girls SCSL,U12,Girls
z - Shenandoah Valley United,NRU U12 Girls U12 Girls SCSL,SVU U12 Girls U12 Girls SCSL,U12,Girls
z - Valley AFC,NRU U12 Girls U12 Girls SCSL,Valley FC U12 Girls U12 Girls SCSL,U12,Girls
z - Central Virginia United,CVU U12 Girls U12 Girls SCSL,SVU U12 Girls U12 Girls SCSL,U12,Girls
z - Central Virginia United,SOCA Cville U12 Girls Premier U12 Girls SCSL,CVU U12 Girls U12 Girls SCSL,U12,Girls
z - Charlottesville,SOCA Cville U12 Girls Premier U12 Girls SCSL,Valley FC U12 Girls U12 Girls SCSL,U12,Girls
z - Augusta,SOCA Augusta U12 Girls Premier U12 Girls SCSL,SVU U12 Girls U12 Girls SCSL,U12,Girls
z - Central Virginia United,NRU U12 Girls U12 Girls SCSL,CVU U12 Girls U12 Girls SCSL,U12,Girls
z - New River United,SOCA Augusta U12 Girls Premier U12 Girls SCSL,NRU U12 Girls U12 Girls SCSL,U12,Girls
z - Charlottesville,SOCA Cville U12 Girls Premier U12 Girls SCSL,CVU U12 Girls U12 Girls SCSL,U12,Girls
z - Augusta,SOCA Augusta U12 Girls Premier U12 Girls SCSL,Valley FC U12 Girls U12 Girls SCSL,U12,Girls
SOCA-ACAC South Fork Soccer Park (SFSP Field 5),SOCA Cville 06 Girls Blue U12 Girls SCSL,Orange Fire 07/06 Girls U12 Girls SCSL,U12,Girls
William Monroe High School - Upper Field,SOCA Cville 06 Girls White U12 Girls SCSL,GFC Fusion U12 Girls U12 Girls SCSL,U12,Girls
Zions Crossroads #2,SOCA Cville 07 Girls Classic U12 Girls SCSL,FYSA U12 Girls U12 Girls SCSL,U12,Girls
Zions Crossroads #2,SOCA Cville 06 Girls Blue U12 Girls SCSL,FYSA U12 Girls U12 Girls SCSL,U12,Girls
SOCA-ACAC South Fork Soccer Park (SFSP Field 5),SOCA Cville 07 Girls Classic U12 Girls SCSL,GFC Fusion U12 Girls U12 Girls SCSL,U12,Girls
SOCA-ACAC South Fork Soccer Park (SFSP Field 5),SOCA Cville 06 Girls White U12 Girls SCSL,Orange Fire 07/06 Girls U12 Girls SCSL,U12,Girls
SOCA-ACAC South Fork Soccer Park (SFSP Field 5),SOCA Cville 07 Girls Classic U12 Girls SCSL,SOCA Cville 06 Girls White U12 Girls SCSL,U12,Girls
SOCA-ACAC South Fork Soccer Park (SFSP Field 5),SOCA Cville 06 Girls Blue U12 Girls SCSL,GFC Fusion U12 Girls U12 Girls SCSL,U12,Girls
Booster Park #2,Orange Fire 07/06 Girls U12 Girls SCSL,FYSA U12 Girls U12 Girls SCSL,U12,Girls
William Monroe High School - Upper Field,GFC Fusion U12 Girls U12 Girls SCSL,FYSA U12 Girls U12 Girls SCSL,U12,Girls
Booster Park #2,SOCA Cville 07 Girls Classic U12 Girls SCSL,Orange Fire 07/06 Girls U12 Girls SCSL,U12,Girls
SOCA-ACAC South Fork Soccer Park (SFSP Field 5),SOCA Cville 06 Girls Blue U12 Girls SCSL,SOCA Cville 06 Girls White U12 Girls SCSL,U12,Girls
Zions Crossroads #2,SOCA Cville 06 Girls White U12 Girls SCSL,FYSA U12 Girls U12 Girls SCSL,U12,Girls
SOCA-ACAC South Fork Soccer Park (SFSP Field 5),SOCA Cville 07 Girls Classic U12 Girls SCSL,Orange Fire 07/06 Girls U12 Girls SCSL,U12,Girls
SOCA-ACAC South Fork Soccer Park (SFSP Field 5),SOCA Cville 07 Girls Classic U12 Girls SCSL,SOCA Cville 06 Girls Blue U12 Girls SCSL,U12,Girls
William Monroe High School - Upper Field,SOCA Cville 07 Girls Classic U12 Girls SCSL,GFC Fusion U12 Girls U12 Girls SCSL,U12,Girls
SOCA-ACAC South Fork Soccer Park (SFSP Field 5),SOCA Cville 06 Girls Blue U12 Girls SCSL,FYSA U12 Girls U12 Girls SCSL,U12,Girls
Booster Park #2,SOCA Cville 06 Girls White U12 Girls SCSL,Orange Fire 07/06 Girls U12 Girls SCSL,U12,Girls
William Monroe High School - Upper Field,Orange Fire 07/06 Girls U12 Girls SCSL,GFC Fusion U12 Girls U12 Girls SCSL,U12,Girls
SOCA-ACAC South Fork Soccer Park (SFSP Field 5),SOCA Cville 07 Girls Classic U12 Girls SCSL,FYSA U12 Girls U12 Girls SCSL,U12,Girls
Booster Park #2,SOCA Cville 06 Girls Blue U12 Girls SCSL,Orange Fire 07/06 Girls U12 Girls SCSL,U12,Girls
SOCA-ACAC South Fork Soccer Park (SFSP Field 5),SOCA Cville 06 Girls White U12 Girls SCSL,GFC Fusion U12 Girls U12 Girls SCSL,U12,Girls
SOCA-ACAC South Fork Soccer Park (SFSP Field 5),SOCA Cville 07 Girls Classic U12 Girls SCSL,SOCA Cville 06 Girls White U12 Girls SCSL,U12,Girls
William Monroe High School - Upper Field,SOCA Cville 06 Girls Blue U12 Girls SCSL,GFC Fusion U12 Girls U12 Girls SCSL,U12,Girls
Zions Crossroads #2,Orange Fire 07/06 Girls U12 Girls SCSL,FYSA U12 Girls U12 Girls SCSL,U12,Girls
Booster Park #2,Orange Fire 07/06 Girls U12 Girls SCSL,GFC Fusion U12 Girls U12 Girls SCSL,U12,Girls
SOCA-ACAC South Fork Soccer Park (SFSP Field 5),SOCA Cville 07 Girls Classic U12 Girls SCSL,SOCA Cville 06 Girls Blue U12 Girls SCSL,U12,Girls
Zions Crossroads #2,GFC Fusion U12 Girls U12 Girls SCSL,FYSA U12 Girls U12 Girls SCSL,U12,Girls
SOCA-ACAC South Fork Soccer Park (SFSP Field 5),SOCA Cville 06 Girls Blue U12 Girls SCSL,SOCA Cville 06 Girls White U12 Girls SCSL,U12,Girls
SOCA-ACAC South Fork Soccer Park (SFSP Field 5),SOCA Cville 06 Girls White U12 Girls SCSL,FYSA U12 Girls U12 Girls SCSL,U12,Girls
z - Augusta,SOCA Cville U13 Girls Premier U13 Girls SCSL,SOCA Augusta U13 Girls Premier U13 Girls SCSL,U13,Girls
z - New River United,NRU U13 Girls U13 Girls SCSL,CVU U13 Girls U13 Girls SCSL,U13,Girls
z - Augusta,SOCA Augusta U13 Girls Premier U13 Girls SCSL,NRU U13 Girls U13 Girls SCSL,U13,Girls
z - Central Virginia United,CVU U13 Girls U13 Girls SCSL,Valley FC U13 Girls U13 Girls SCSL,U13,Girls
z - New River United,NRU U13 Girls U13 Girls SCSL,Valley FC U13 Girls U13 Girls SCSL,U13,Girls
z - New River United,SOCA Cville U13 Girls Premier U13 Girls SCSL,NRU U13 Girls U13 Girls SCSL,U13,Girls
z - Augusta,SOCA Augusta U13 Girls Premier U13 Girls SCSL,CVU U13 Girls U13 Girls SCSL,U13,Girls
z - Valley AFC,SOCA Cville U13 Girls Premier U13 Girls SCSL,Valley FC U13 Girls U13 Girls SCSL,U13,Girls
z - Charlottesville,SOCA Cville U13 Girls Premier U13 Girls SCSL,NRU U13 Girls U13 Girls SCSL,U13,Girls
z - Central Virginia United,SOCA Augusta U13 Girls Premier U13 Girls SCSL,CVU U13 Girls U13 Girls SCSL,U13,Girls
z - Charlottesville,SOCA Cville U13 Girls Premier U13 Girls SCSL,SOCA Augusta U13 Girls Premier U13 Girls SCSL,U13,Girls
z - Valley AFC,CVU U13 Girls U13 Girls SCSL,Valley FC U13 Girls U13 Girls SCSL,U13,Girls
z - Valley AFC,SOCA Augusta U13 Girls Premier U13 Girls SCSL,Valley FC U13 Girls U13 Girls SCSL,U13,Girls
z - Valley AFC,NRU U13 Girls U13 Girls SCSL,Valley FC U13 Girls U13 Girls SCSL,U13,Girls
z - Central Virginia United,SOCA Cville U13 Girls Premier U13 Girls SCSL,CVU U13 Girls U13 Girls SCSL,U13,Girls
z - Charlottesville,SOCA Cville U13 Girls Premier U13 Girls SCSL,Valley FC U13 Girls U13 Girls SCSL,U13,Girls
z - Central Virginia United,NRU U13 Girls U13 Girls SCSL,CVU U13 Girls U13 Girls SCSL,U13,Girls
z - New River United,SOCA Augusta U13 Girls Premier U13 Girls SCSL,NRU U13 Girls U13 Girls SCSL,U13,Girls
z - Charlottesville,SOCA Cville U13 Girls Premier U13 Girls SCSL,CVU U13 Girls U13 Girls SCSL,U13,Girls
z - Augusta,SOCA Augusta U13 Girls Premier U13 Girls SCSL,Valley FC U13 Girls U13 Girls SCSL,U13,Girls
z - Charlottesville,SOCA Cville U14 Girls Premier U14 Girls SCSL,SOCA Cville U14 Girls Classic Blue U14 Girls SCSL,U14,Girls
z - New River United,NRU U14 Girls U14 Girls SCSL,CVU U14 Girls U14 Girls SCSL,U14,Girls
z - Charlottesville,SOCA Cville U14 Girls Premier U14 Girls SCSL,SVU U14 Girls U14 Girls SCSL,U14,Girls
z - Charlottesville,SOCA Cville U14 Girls Classic Blue U14 Girls SCSL,NRU U14 Girls U14 Girls SCSL,U14,Girls
z - Central Virginia United,CVU U14 Girls U14 Girls SCSL,Valley FC U14 Girls U14 Girls SCSL,U14,Girls
z - New River United,NRU U14 Girls U14 Girls SCSL,Valley FC U14 Girls U14 Girls SCSL,U14,Girls
z - Shenandoah Valley United,CVU U14 Girls U14 Girls SCSL,SVU U14 Girls U14 Girls SCSL,U14,Girls
z - New River United,SOCA Cville U14 Girls Premier U14 Girls SCSL,NRU U14 Girls U14 Girls SCSL,U14,Girls
z - Charlottesville,SOCA Cville U14 Girls Classic Blue U14 Girls SCSL,CVU U14 Girls U14 Girls SCSL,U14,Girls
z - Valley AFC,SVU U14 Girls U14 Girls SCSL,Valley FC U14 Girls U14 Girls SCSL,U14,Girls
z - New River United,NRU U14 Girls U14 Girls SCSL,SVU U14 Girls U14 Girls SCSL,U14,Girls
z - Valley AFC,SOCA Cville U14 Girls Premier U14 Girls SCSL,Valley FC U14 Girls U14 Girls SCSL,U14,Girls
z - Shenandoah Valley United,SOCA Cville U14 Girls Classic Blue U14 Girls SCSL,SVU U14 Girls U14 Girls SCSL,U14,Girls
z - Charlottesville,SOCA Cville U14 Girls Premier U14 Girls SCSL,NRU U14 Girls U14 Girls SCSL,U14,Girls
z - Central Virginia United,SOCA Cville U14 Girls Classic Blue U14 Girls SCSL,CVU U14 Girls U14 Girls SCSL,U14,Girls
z - Shenandoah Valley United,SVU U14 Girls U14 Girls SCSL,Valley FC U14 Girls U14 Girls SCSL,U14,Girls
z - Charlottesville,SOCA Cville U14 Girls Premier U14 Girls SCSL,SOCA Cville U14 Girls Classic Blue U14 Girls SCSL,U14,Girls
z - Shenandoah Valley United,SOCA Cville U14 Girls Premier U14 Girls SCSL,SVU U14 Girls U14 Girls SCSL,U14,Girls
z - Valley AFC,CVU U14 Girls U14 Girls SCSL,Valley FC U14 Girls U14 Girls SCSL,U14,Girls
z - Valley AFC,SOCA Cville U14 Girls Classic Blue U14 Girls SCSL,Valley FC U14 Girls U14 Girls SCSL,U14,Girls
z - Shenandoah Valley United,NRU U14 Girls U14 Girls SCSL,SVU U14 Girls U14 Girls SCSL,U14,Girls
z - Valley AFC,NRU U14 Girls U14 Girls SCSL,Valley FC U14 Girls U14 Girls SCSL,U14,Girls
z - Central Virginia United,CVU U14 Girls U14 Girls SCSL,SVU U14 Girls U14 Girls SCSL,U14,Girls
z - Central Virginia United,SOCA Cville U14 Girls Premier U14 Girls SCSL,CVU U14 Girls U14 Girls SCSL,U14,Girls
z - Charlottesville,SOCA Cville U14 Girls Premier U14 Girls SCSL,Valley FC U14 Girls U14 Girls SCSL,U14,Girls
z - Charlottesville,SOCA Cville U14 Girls Classic Blue U14 Girls SCSL,SVU U14 Girls U14 Girls SCSL,U14,Girls
z - Central Virginia United,NRU U14 Girls U14 Girls SCSL,CVU U14 Girls U14 Girls SCSL,U14,Girls
z - New River United,SOCA Cville U14 Girls Classic Blue U14 Girls SCSL,NRU U14 Girls U14 Girls SCSL,U14,Girls
z - Charlottesville,SOCA Cville U14 Girls Premier U14 Girls SCSL,CVU U14 Girls U14 Girls SCSL,U14,Girls
z - Charlottesville,SOCA Cville U14 Girls Classic Blue U14 Girls SCSL,Valley FC U14 Girls U14 Girls SCSL,U14,Girls
z - Augusta,SOCA Cville U15 Girls Premier U15 Girls SCSL,SOCA Augusta U15 Girls Premier U15 Girls SCSL,U15,Girls
z - New River United,CVU U15 Girls U15 Girls SCSL,NRU U15 Girls U15 Girls SCSL,U15,Girls
z - Charlottesville,SOCA Cville U15 Girls Premier U15 Girls SCSL,SVU U15 Girls U15 Girls SCSL,U15,Girls
z - Augusta,SOCA Augusta U15 Girls Premier U15 Girls SCSL,NRU U15 Girls U15 Girls SCSL,U15,Girls
z - Central Virginia United,CVU U15 Girls U15 Girls SCSL,Valley FC U15 Girls U15 Girls SCSL,U15,Girls
z - Shenandoah Valley United,CVU U15 Girls U15 Girls SCSL,SVU U15 Girls U15 Girls SCSL,U15,Girls
z - New River United,NRU U15 Girls U15 Girls SCSL,Valley FC U15 Girls U15 Girls SCSL,U15,Girls
z - New River United,SOCA Cville U15 Girls Premier U15 Girls SCSL,NRU U15 Girls U15 Girls SCSL,U15,Girls
z - Augusta,SOCA Augusta U15 Girls Premier U15 Girls SCSL,CVU U15 Girls U15 Girls SCSL,U15,Girls
z - Valley AFC,SVU U15 Girls U15 Girls SCSL,Valley FC U15 Girls U15 Girls SCSL,U15,Girls
z - New River United,SVU U15 Girls U15 Girls SCSL,NRU U15 Girls U15 Girls SCSL,U15,Girls
z - Valley AFC,SOCA Cville U15 Girls Premier U15 Girls SCSL,Valley FC U15 Girls U15 Girls SCSL,U15,Girls
z - Shenandoah Valley United,SOCA Augusta U15 Girls Premier U15 Girls SCSL,SVU U15 Girls U15 Girls SCSL,U15,Girls
z - Charlottesville,SOCA Cville U15 Girls Premier U15 Girls SCSL,NRU U15 Girls U15 Girls SCSL,U15,Girls
z - Central Virginia United,SOCA Augusta U15 Girls Premier U15 Girls SCSL,CVU U15 Girls U15 Girls SCSL,U15,Girls
z - Shenandoah Valley United,SVU U15 Girls U15 Girls SCSL,Valley FC U15 Girls U15 Girls SCSL,U15,Girls
z - New River United,SOCA Augusta U15 Girls Premier U15 Girls SCSL,NRU U15 Girls U15 Girls SCSL,U15,Girls
z - Charlottesville,SOCA Cville U15 Girls Premier U15 Girls SCSL,SOCA Augusta U15 Girls Premier U15 Girls SCSL,U15,Girls
z - Shenandoah Valley United,SOCA Cville U15 Girls Premier U15 Girls SCSL,SVU U15 Girls U15 Girls SCSL,U15,Girls
z - Valley AFC,CVU U15 Girls U15 Girls SCSL,Valley FC U15 Girls U15 Girls SCSL,U15,Girls
z - Valley AFC,SOCA Augusta U15 Girls Premier U15 Girls SCSL,Valley FC U15 Girls U15 Girls SCSL,U15,Girls
z - Shenandoah Valley United,SVU U15 Girls U15 Girls SCSL,NRU U15 Girls U15 Girls SCSL,U15,Girls
z - Central Virginia United,CVU U15 Girls U15 Girls SCSL,SVU U15 Girls U15 Girls SCSL,U15,Girls
z - Valley AFC,NRU U15 Girls U15 Girls SCSL,Valley FC U15 Girls U15 Girls SCSL,U15,Girls
z - Central Virginia United,SOCA Cville U15 Girls Premier U15 Girls SCSL,CVU U15 Girls U15 Girls SCSL,U15,Girls
z - Charlottesville,SOCA Cville U15 Girls Premier U15 Girls SCSL,Valley FC U15 Girls U15 Girls SCSL,U15,Girls
z - Augusta,SOCA Augusta U15 Girls Premier U15 Girls SCSL,SVU U15 Girls U15 Girls SCSL,U15,Girls
z - Central Virginia United,CVU U15 Girls U15 Girls SCSL,NRU U15 Girls U15 Girls SCSL,U15,Girls
z - New River United,SOCA Augusta U15 Girls Premier U15 Girls SCSL,NRU U15 Girls U15 Girls SCSL,U15,Girls
z - Charlottesville,SOCA Cville U15 Girls Premier U15 Girls SCSL,CVU U15 Girls U15 Girls SCSL,U15,Girls
z - Augusta,SOCA Augusta U15 Girls Premier U15 Girls SCSL,Valley FC U15 Girls U15 Girls SCSL,U15,Girls
Booster Park #1,SOCA Cville 04 Girls White U15 Girls SCSL,Orange Fire 05/04 Girls U15 Girls SCSL,U15,Girls
Hoover Ridge Red Barn,Madison U13/15 Girls U15 Girls SCSL,FYSA U14 Girls U15 Girls SCSL,U15,Girls
SOCA-ACAC South Fork Soccer Park (SFSP Field 2),SOCA Cville 04 Girls White U15 Girls SCSL,Madison U13/15 Girls U15 Girls SCSL,U15,Girls
Booster Park #1,SOCA Cville 05 Girls Classic U15 Girls SCSL,Orange Fire 05/04 Girls U15 Girls SCSL,U15,Girls
SOCA-ACAC South Fork Soccer Park (SFSP Field 3),SOCA Cville 05 Girls Classic U15 Girls SCSL,Madison U13/15 Girls U15 Girls SCSL,U15,Girls
Zions Crossroads #1,SOCA Cville 04 Girls White U15 Girls SCSL,FYSA U14 Girls U15 Girls SCSL,U15,Girls
Zions Crossroads #2,SOCA Cville 05 Girls Classic U15 Girls SCSL,FYSA U14 Girls U15 Girls SCSL,U15,Girls
Hoover Ridge Red Barn,Orange Fire 05/04 Girls U15 Girls SCSL,Madison U13/15 Girls U15 Girls SCSL,U15,Girls
SOCA-ACAC South Fork Soccer Park (SFSP Field 2),SOCA Cville 05 Girls Classic U15 Girls SCSL,SOCA Cville 04 Girls White U15 Girls SCSL,U15,Girls
SOCA-ACAC South Fork Soccer Park (SFSP Field 2),SOCA Cville 04 Girls White U15 Girls SCSL,FYSA U14 Girls U15 Girls SCSL,U15,Girls
Hoover Ridge Large,SOCA Cville 05 Girls Classic U15 Girls SCSL,Madison U13/15 Girls U15 Girls SCSL,U15,Girls
Booster Park #1,Orange Fire 05/04 Girls U15 Girls SCSL,FYSA U14 Girls U15 Girls SCSL,U15,Girls
SOCA-ACAC South Fork Soccer Park (SFSP Field 3),SOCA Cville 05 Girls Classic U15 Girls SCSL,Orange Fire 05/04 Girls U15 Girls SCSL,U15,Girls
Hoover Ridge Red Barn,SOCA Cville 04 Girls White U15 Girls SCSL,Madison U13/15 Girls U15 Girls SCSL,U15,Girls
Zions Crossroads #1,Madison U13/15 Girls U15 Girls SCSL,FYSA U14 Girls U15 Girls SCSL,U15,Girls
Zions Crossroads #1,Orange Fire 05/04 Girls U15 Girls SCSL,FYSA U14 Girls U15 Girls SCSL,U15,Girls
Booster Park #1,Orange Fire 05/04 Girls U15 Girls SCSL,Madison U13/15 Girls U15 Girls SCSL,U15,Girls
Booster Park #1,SOCA Cville 04 Girls White U15 Girls SCSL,Orange Fire 05/04 Girls U15 Girls SCSL,U15,Girls
SOCA-ACAC South Fork Soccer Park (SFSP Field 2),SOCA Cville 05 Girls Classic U15 Girls SCSL,FYSA U14 Girls U15 Girls SCSL,U15,Girls
SOCA-ACAC South Fork Soccer Park (SFSP Field 4),SOCA Cville 05 Girls Classic U15 Girls SCSL,SOCA Cville 04 Girls White U15 Girls SCSL,U15,Girls
z - New River United,NRU U16 Girls U16 Girls SCSL,CVU U16 Girls U16 Girls SCSL,U16,Girls
z - Charlottesville,SOCA Cville U16 Girls Premier U16 Girls SCSL,Salem Sabres U16 Girls U16 Girls SCSL,U16,Girls
z - Central Virginia United,CVU U16 Girls U16 Girls SCSL,Valley FC U16 Girls U16 Girls SCSL,U16,Girls
z - New River United,NRU U16 Girls U16 Girls SCSL,Valley FC U16 Girls U16 Girls SCSL,U16,Girls
z - New River United,SOCA Cville U16 Girls Premier U16 Girls SCSL,NRU U16 Girls U16 Girls SCSL,U16,Girls
z - New River United,NRU U16 Girls U16 Girls SCSL,Salem Sabres U16 Girls U16 Girls SCSL,U16,Girls
z - Valley AFC,SOCA Cville U16 Girls Premier U16 Girls SCSL,Valley FC U16 Girls U16 Girls SCSL,U16,Girls
z - Salem Sabres,CVU U16 Girls U16 Girls SCSL,Salem Sabres U16 Girls U16 Girls SCSL,U16,Girls
z - Charlottesville,SOCA Cville U16 Girls Premier U16 Girls SCSL,NRU U16 Girls U16 Girls SCSL,U16,Girls
z - Salem Sabres,Salem Sabres U16 Girls U16 Girls SCSL,Valley FC U16 Girls U16 Girls SCSL,U16,Girls
z - Valley AFC,CVU U16 Girls U16 Girls SCSL,Valley FC U16 Girls U16 Girls SCSL,U16,Girls
z - Valley AFC,NRU U16 Girls U16 Girls SCSL,Valley FC U16 Girls U16 Girls SCSL,U16,Girls
z - Central Virginia United,CVU U16 Girls U16 Girls SCSL,Salem Sabres U16 Girls U16 Girls SCSL,U16,Girls
z - Central Virginia United,SOCA Cville U16 Girls Premier U16 Girls SCSL,CVU U16 Girls U16 Girls SCSL,U16,Girls
z - Valley AFC,Salem Sabres U16 Girls U16 Girls SCSL,Valley FC U16 Girls U16 Girls SCSL,U16,Girls
z - Charlottesville,SOCA Cville U16 Girls Premier U16 Girls SCSL,Valley FC U16 Girls U16 Girls SCSL,U16,Girls
z - Central Virginia United,NRU U16 Girls U16 Girls SCSL,CVU U16 Girls U16 Girls SCSL,U16,Girls
z - Salem Sabres,SOCA Cville U16 Girls Premier U16 Girls SCSL,Salem Sabres U16 Girls U16 Girls SCSL,U16,Girls
z - Charlottesville,SOCA Cville U16 Girls Premier U16 Girls SCSL,CVU U16 Girls U16 Girls SCSL,U16,Girls
z - Salem Sabres,NRU U16 Girls U16 Girls SCSL,Salem Sabres U16 Girls U16 Girls SCSL,U16,Girls
Luray High School #1,FYSA U15/16 Girls U17 Girls SCSL,Luray Valley U13/17 Girls U17 Girls SCSL,U17,Girls
Greene County Community Park (GCCP) Rear,SOCA Cville 03 Girls Classic U17 Girls SCSL,GFC Fusion U15 Girls U17 Girls SCSL,U17,Girls
Luray High School #1,GFC Fusion U15 Girls U17 Girls SCSL,Luray Valley U13/17 Girls U17 Girls SCSL,U17,Girls
Zions Crossroads #1,FYSA U15/16 Girls U17 Girls SCSL,Orange Fire 03/02 Girls U17 Girls SCSL,U17,Girls
Booster Park #1,GFC Fusion U15 Girls U17 Girls SCSL,Orange Fire 03/02 Girls U17 Girls SCSL,U17,Girls
Booster Park #1,SOCA Cville 03 Girls Classic U17 Girls SCSL,Orange Fire 03/02 Girls U17 Girls SCSL,U17,Girls
Greene County Community Park (GCCP) Rear,GFC Fusion U15 Girls U17 Girls SCSL,FYSA U15/16 Girls U17 Girls SCSL,U17,Girls
Zions Crossroads #1,SOCA Cville 03 Girls Classic U17 Girls SCSL,FYSA U15/16 Girls U17 Girls SCSL,U17,Girls
Luray High School #1,Orange Fire 03/02 Girls U17 Girls SCSL,Luray Valley U13/17 Girls U17 Girls SCSL,U17,Girls
Zions Crossroads #1,GFC Fusion U15 Girls U17 Girls SCSL,FYSA U15/16 Girls U17 Girls SCSL,U17,Girls
SOCA-ACAC South Fork Soccer Park (SFSP Field 3),SOCA Cville 03 Girls Classic U17 Girls SCSL,Orange Fire 03/02 Girls U17 Girls SCSL,U17,Girls
SOCA-ACAC South Fork Soccer Park (SFSP Field 3),SOCA Cville 03 Girls Classic U17 Girls SCSL,FYSA U15/16 Girls U17 Girls SCSL,U17,Girls
Booster Park #1,Orange Fire 03/02 Girls U17 Girls SCSL,Luray Valley U13/17 Girls U17 Girls SCSL,U17,Girls
Luray High School #1,SOCA Cville 03 Girls Classic U17 Girls SCSL,Luray Valley U13/17 Girls U17 Girls SCSL,U17,Girls
Greene County Community Park (GCCP) Rear,GFC Fusion U15 Girls U17 Girls SCSL,Orange Fire 03/02 Girls U17 Girls SCSL,U17,Girls
Booster Park #1,FYSA U15/16 Girls U17 Girls SCSL,Orange Fire 03/02 Girls U17 Girls SCSL,U17,Girls
Zions Crossroads #1,FYSA U15/16 Girls U17 Girls SCSL,Luray Valley U13/17 Girls U17 Girls SCSL,U17,Girls
Greene County Community Park (GCCP) Rear,GFC Fusion U15 Girls U17 Girls SCSL,Luray Valley U13/17 Girls U17 Girls SCSL,U17,Girls
SOCA-ACAC South Fork Soccer Park (SFSP Field 2),SOCA Cville 03 Girls Classic U17 Girls SCSL,GFC Fusion U15 Girls U17 Girls SCSL,U17,Girls
SOCA-ACAC South Fork Soccer Park (SFSP Field 2),SOCA Cville 03 Girls Classic U17 Girls SCSL,Luray Valley U13/17 Girls U17 Girls SCSL,U17,Girls
Vinyard East #4,Valley FC U18G Green U18 Girls SCSL,GFC Fusion U18 Girls U18 Girls SCSL,U18,Girls
Greene County Community Park (GCCP) Rear,Louisa FC U18 Girls U18 Girls SCSL,GFC Fusion U18 Girls U18 Girls SCSL,U18,Girls
Rockfish River ES,SOCA Cville 02 Girls Classic U18 Girls SCSL,Nelson U18 Girls U18 Girls SCSL,U18,Girls
Rockfish River ES,Valley FC U18G Green U18 Girls SCSL,Nelson U18 Girls U18 Girls SCSL,U18,Girls
SOCA-ACAC South Fork Soccer Park (SFSP Field 3),SOCA Cville 02 Girls Classic U18 Girls SCSL,GFC Fusion U18 Girls U18 Girls SCSL,U18,Girls
Vinyard East #4,Louisa FC U18 Girls U18 Girls SCSL,Valley FC U18G Green U18 Girls SCSL,U18,Girls
Rockfish River ES,GFC Fusion U18 Girls U18 Girls SCSL,Nelson U18 Girls U18 Girls SCSL,U18,Girls
Trevilians Elementary #1,SOCA Cville 02 Girls Classic U18 Girls SCSL,Louisa FC U18 Girls U18 Girls SCSL,U18,Girls
SOCA-ACAC South Fork Soccer Park (SFSP Field 2),SOCA Cville 02 Girls Classic U18 Girls SCSL,Valley FC U18G Green U18 Girls SCSL,U18,Girls
SOCA-ACAC South Fork Soccer Park (SFSP Field 2),SOCA Cville 02 Girls Classic U18 Girls SCSL,Nelson U18 Girls U18 Girls SCSL,U18,Girls
Greene County Community Park (GCCP) Rear,Valley FC U18G Green U18 Girls SCSL,GFC Fusion U18 Girls U18 Girls SCSL,U18,Girls
Greene County Community Park (GCCP) Rear,SOCA Cville 02 Girls Classic U18 Girls SCSL,GFC Fusion U18 Girls U18 Girls SCSL,U18,Girls
Trevilians Elementary #1,Louisa FC U18 Girls U18 Girls SCSL,Valley FC U18G Green U18 Girls SCSL,U18,Girls
Trevilians Elementary #1,Louisa FC U18 Girls U18 Girls SCSL,Nelson U18 Girls U18 Girls SCSL,U18,Girls
SOCA-ACAC South Fork Soccer Park (SFSP Field 3),SOCA Cville 02 Girls Classic U18 Girls SCSL,Louisa FC U18 Girls U18 Girls SCSL,U18,Girls
Vinyard East #4,SOCA Cville 02 Girls Classic U18 Girls SCSL,Valley FC U18G Green U18 Girls SCSL,U18,Girls
Greene County Community Park (GCCP) Rear,GFC Fusion U18 Girls U18 Girls SCSL,Nelson U18 Girls U18 Girls SCSL,U18,Girls
Trevilians Elementary #1,Louisa FC U18 Girls U18 Girls SCSL,GFC Fusion U18 Girls U18 Girls SCSL,U18,Girls
Rockfish River ES,Louisa FC U18 Girls U18 Girls SCSL,Nelson U18 Girls U18 Girls SCSL,U18,Girls
Vinyard East #4,Valley FC U18G Green U18 Girls SCSL,Nelson U18 Girls U18 Girls SCSL,U18,Girls
Hoover Ridge,SOCA CVille U19 Girls Premier U19 Girls SCSL,Madison U19 Girls U19 Girls SCSL,U19,Girls
z - Charlottesville,SOCA CVille U19 Girls Premier U19 Girls SCSL,SVU U19 Girls U19 Girls SCSL,U19,Girls
Hoover Ridge,Madison U19 Girls U19 Girls SCSL,NRU U17 Girls U19 Girls SCSL,U19,Girls
z - Central Virginia United,CVU U17 Girls U19 Girls SCSL,Valley FC U17 Girls U19 Girls SCSL,U19,Girls
z - New River United,NRU U17 Girls U19 Girls SCSL,Valley FC U17 Girls U19 Girls SCSL,U19,Girls
z - Shenandoah Valley United,CVU U17 Girls U19 Girls SCSL,SVU U19 Girls U19 Girls SCSL,U19,Girls
z - New River United,SOCA CVille U19 Girls Premier U19 Girls SCSL,NRU U17 Girls U19 Girls SCSL,U19,Girls
Hoover Ridge,Madison U19 Girls U19 Girls SCSL,CVU U17 Girls U19 Girls SCSL,U19,Girls
z - Valley AFC,SVU U19 Girls U19 Girls SCSL,Valley FC U17 Girls U19 Girls SCSL,U19,Girls
z - New River United,NRU U17 Girls U19 Girls SCSL,SVU U19 Girls U19 Girls SCSL,U19,Girls
z - Valley AFC,SOCA CVille U19 Girls Premier U19 Girls SCSL,Valley FC U17 Girls U19 Girls SCSL,U19,Girls
z - Shenandoah Valley United,Madison U19 Girls U19 Girls SCSL,SVU U19 Girls U19 Girls SCSL,U19,Girls
z - New River United,NRU U17 Girls U19 Girls SCSL,CVU U17 Girls U19 Girls SCSL,U19,Girls
z - Charlottesville,SOCA CVille U19 Girls Premier U19 Girls SCSL,NRU U17 Girls U19 Girls SCSL,U19,Girls
z - Central Virginia United,Madison U19 Girls U19 Girls SCSL,CVU U17 Girls U19 Girls SCSL,U19,Girls
z - Shenandoah Valley United,SVU U19 Girls U19 Girls SCSL,Valley FC U17 Girls U19 Girls SCSL,U19,Girls
z - Charlottesville,SOCA CVille U19 Girls Premier U19 Girls SCSL,Madison U19 Girls U19 Girls SCSL,U19,Girls
z - Valley AFC,CVU U17 Girls U19 Girls SCSL,Valley FC U17 Girls U19 Girls SCSL,U19,Girls
z - Shenandoah Valley United,NRU U17 Girls U19 Girls SCSL,SVU U19 Girls U19 Girls SCSL,U19,Girls
z - Valley AFC,NRU U17 Girls U19 Girls SCSL,Valley FC U17 Girls U19 Girls SCSL,U19,Girls
z - Central Virginia United,CVU U17 Girls U19 Girls SCSL,SVU U19 Girls U19 Girls SCSL,U19,Girls
z - Central Virginia United,SOCA CVille U19 Girls Premier U19 Girls SCSL,CVU U17 Girls U19 Girls SCSL,U19,Girls
z - Valley AFC,Madison U19 Girls U19 Girls SCSL,Valley FC U17 Girls U19 Girls SCSL,U19,Girls
z - Charlottesville,SOCA CVille U19 Girls Premier U19 Girls SCSL,Valley FC U17 Girls U19 Girls SCSL,U19,Girls
Hoover Ridge,Madison U19 Girls U19 Girls SCSL,SVU U19 Girls U19 Girls SCSL,U19,Girls
z - Central Virginia United,NRU U17 Girls U19 Girls SCSL,CVU U17 Girls U19 Girls SCSL,U19,Girls
z - Charlottesville,SOCA CVille U19 Girls Premier U19 Girls SCSL,CVU U17 Girls U19 Girls SCSL,U19,Girls
Hoover Ridge,Madison U19 Girls U19 Girls SCSL,Valley FC U17 Girls U19 Girls SCSL,U19,Girls
z - Shenandoah Valley United,SOCA CVille U19 Girls Premier U19 Girls SCSL,SVU U19 Girls U19 Girls SCSL,U19,Girls
z - New River United,Madison U19 Girls U19 Girls SCSL,NRU U17 Girls U19 Girls SCSL,U19,Girls
z - New River United,CVU U19 Girls U19 Girls SCSL,NRU U19 Girls U19 Girls SCSL,U19,Girls
z - Augusta,SOCA Augusta U19 Girls Premier U19 Girls SCSL,NRU U19 Girls U19 Girls SCSL,U19,Girls
z - Central Virginia United,Valley FC U18 Girls U19 Girls SCSL,CVU U19 Girls U19 Girls SCSL,U19,Girls
z - New River United,Valley FC U18 Girls U19 Girls SCSL,NRU U19 Girls U19 Girls SCSL,U19,Girls
z - Salem Sabres,Salem Sabres U18 Girls U19 Girls SCSL,CVU U19 Girls U19 Girls SCSL,U19,Girls
z - Valley AFC,Valley FC U18 Girls U19 Girls SCSL,Salem Sabres U18 Girls U19 Girls SCSL,U19,Girls
z - New River United,Salem Sabres U18 Girls U19 Girls SCSL,NRU U19 Girls U19 Girls SCSL,U19,Girls
z - Salem Sabres,SOCA Augusta U19 Girls Premier U19 Girls SCSL,Salem Sabres U18 Girls U19 Girls SCSL,U19,Girls
z - Central Virginia United,SOCA Augusta U19 Girls Premier U19 Girls SCSL,CVU U19 Girls U19 Girls SCSL,U19,Girls
z - Salem Sabres,Valley FC U18 Girls U19 Girls SCSL,Salem Sabres U18 Girls U19 Girls SCSL,U19,Girls
z - Augusta,SOCA Augusta U19 Girls Premier U19 Girls SCSL,CVU U19 Girls U19 Girls SCSL,U19,Girls
z - Valley AFC,Valley FC U18 Girls U19 Girls SCSL,CVU U19 Girls U19 Girls SCSL,U19,Girls
z - Valley AFC,SOCA Augusta U19 Girls Premier U19 Girls SCSL,Valley FC U18 Girls U19 Girls SCSL,U19,Girls
z - Valley AFC,Valley FC U18 Girls U19 Girls SCSL,NRU U19 Girls U19 Girls SCSL,U19,Girls
z - Augusta,SOCA Augusta U19 Girls Premier U19 Girls SCSL,Salem Sabres U18 Girls U19 Girls SCSL,U19,Girls
z - Central Virginia United,CVU U19 Girls U19 Girls SCSL,NRU U19 Girls U19 Girls SCSL,U19,Girls
z - New River United,SOCA Augusta U19 Girls Premier U19 Girls SCSL,NRU U19 Girls U19 Girls SCSL,U19,Girls
z - Central Virginia United,Salem Sabres U18 Girls U19 Girls SCSL,CVU U19 Girls U19 Girls SCSL,U19,Girls
z - Augusta,SOCA Augusta U19 Girls Premier U19 Girls SCSL,Valley FC U18 Girls U19 Girls SCSL,U19,Girls
z - Salem Sabres,Salem Sabres U18 Girls U19 Girls SCSL,NRU U19 Girls U19 Girls SCSL,U19,Girls